date,portfolio_return,equity_curve,dd_only_exposure
2016-01-04,0.0029171886786594,1.0029171886786594,1.0
2016-01-05,0.0059731280760447,1.0089077414963037,1.0
2016-01-06,-0.0023026381384945,1.0065845920525118,0.9919869827258534
2016-01-07,-0.000832866179372089,1.0057462417891143,0.9890947925561797
2016-01-08,-0.008134284006324077,0.9975652162201085,0.9614193985318573
2016-01-11,-0.008992939593474695,0.9885941724900895,0.9315324594046168
2016-01-12,-0.0024536674356302373,0.9861684911619968,0.9234386746654182
2016-01-13,0.006636687057694983,0.9927133828239982,0.9457113525221545
2016-01-14,0.0020163108676444297,0.9947150016062424,0.9525193225740534
2016-01-15,0.015667205218379426,1.0102994056702082,1.0
2016-01-19,0.024133210261939226,1.0346811736547594,1.0
2016-01-20,0.0086277766746581,1.043608171750526,1.0
2016-01-21,0.0191837537673411,1.0636284939469731,1.0
2016-01-22,0.0217455447113549,1.086757674918368,1.0
2016-01-25,0.003174083886862,1.09020713494325,1.0
2016-01-26,0.0046986341602975,1.0953296194292945,1.0
2016-01-27,0.0041395407864953,1.0998637810635785,1.0
2016-01-28,-0.0182080770534854,1.0798373765896352,0.9390865874255714
2016-01-29,-0.0190688820899744,1.0592460849791,0.8784543973473466
2016-02-01,-0.006244009394864703,1.052632142473017,0.859014605085914
2016-02-02,-0.0045732446553442,1.0478181981534087,0.8449825749696003
2016-02-03,-0.011310612176033007,1.0359667328831057,0.8114125058789583
2016-02-04,-0.001282907873765848,1.0346376830045305,0.8076374060098779
2016-02-05,0.013651382869276628,1.0487619181462067,0.8494131029298078
2016-02-08,0.010540568090378054,1.0598164645550223,0.8828273021108868
2016-02-09,0.007286691822091701,1.0675390205202135,0.9064655803253037
2016-02-10,0.013105949868159683,1.0815301334054557,0.950580915358185
2016-02-11,0.017480335365283404,1.1004356428450428,1.0
2016-02-12,0.03252223403585066,1.136224268363041,1.0
2016-02-16,0.0281994852481558,1.1682652078573412,1.0
2016-02-17,0.0182188005762617,1.189549598699479,1.0
2016-02-18,0.0041726002176716,1.1945131136139437,1.0
2016-02-19,-0.0118605640693007,1.1803455142983057,0.9596949391098022
2016-02-22,-0.011199322145280693,1.167126444640942,0.9227350918762276
2016-02-23,-0.009038439028149367,1.1565774434329141,0.8936503517388856
2016-02-24,-0.005383503744606835,1.1503510044352652,0.8766078348500521
2016-02-25,-0.015199080633878273,1.1328667267615906,0.830506406164895
2016-02-26,0.0009227249103694057,1.133912051110502,0.8332973744964272
2016-02-29,-0.00807254946349939,1.1247584899906544,0.8094220319930427
2016-03-01,-0.016748066517375954,1.1059209599843076,0.7623839754296315
2016-03-02,-0.012731943683066304,1.0918404366038648,0.7282983815919917
2016-03-03,-0.0025671663156235434,1.0890375006129795,0.7215453347571947
2016-03-04,-0.002047332214827476,1.0868078790548195,0.716205530545754
2016-03-07,-0.00415831894430866,1.082288585262522,0.7055189328786651
2016-03-08,-0.0015821563871371229,1.0805762354646233,0.7014885767421157
2016-03-09,-0.002662305957065417,1.0776994109158826,0.6947737173845112
2016-03-10,0.0018510111988161828,1.0796942445944455,0.6994576429592714
2016-03-11,0.0013649936482467886,1.0811680203803655,0.7029330864128362
2016-03-14,0.00032553432659339853,1.0815199776838142,0.7037638885606257
2016-03-15,0.0004080607734742939,1.0819613035624358,0.7048069774703012
2016-03-16,-0.00018408332572829203,1.0817621325273667,0.7043365127031894
2016-03-17,-0.0010210641327329131,1.0806575840136943,0.7017358188405273
2016-03-18,0.0018280685055285435,1.0826331001082903,0.7064144623971069
2016-03-21,0.009415781123902036,1.0928269364164014,0.7312859403467793
2016-03-22,0.011317310027483674,1.105194797662211,0.762504228071182
2016-03-23,0.005174022612731196,1.1109131005367883,0.7771216176652045
2016-03-24,0.00039910156657840443,1.1113564676955447,0.7782541987465053
2016-03-28,-0.006047203021371928,1.104635869506275,0.7613935096674955
2016-03-29,-0.005659484087227348,1.0983842003806237,0.7459399455544093
2016-03-30,-0.009104993948457311,1.088383418883077,0.721853297768439
2016-03-31,-0.0033140872856471295,1.0847764212326474,0.713239463070954
2016-04-01,-0.002979604032106947,1.081544217034008,0.7055893576497533
2016-04-04,-0.003443761763302959,1.0778196364140649,0.6968670564429651
2016-04-05,-0.0001493695846564615,1.0776586429426391,0.6964901775629755
2016-04-06,-0.0022838225289761797,1.0751974618553408,0.690770311232997
2016-04-07,-0.0032377236203137254,1.0717162696365905,0.6827632881776595
2016-04-08,0.0026165501657109025,1.0745204690195032,0.6892667372682182
2016-04-11,0.005386620178317405,1.0803085026599388,0.7029263734992812
2016-04-12,1.2315931403499067e-05,1.0803218076653522,0.7029577737372883
2016-04-13,-0.0024499728747460524,1.0776750485405755,0.6967595059543883
2016-04-14,0.0013252706918297696,1.0791032596977226,0.7001184687516953
2016-04-15,-0.009806158289691632,1.0685214023222045,0.6759900234672032
2016-04-18,-0.0064169219571515645,1.0616647838739568,0.6606829456051577
2016-04-19,0.0004901169718180916,1.062185123802915,0.6618452299020727
2016-04-20,0.0019190914257451372,1.0642235541665592,0.6664277147080628
2016-04-21,0.006157129022338342,1.0707761158981741,0.6814638471497237
2016-04-22,0.004665753068853556,1.0757720928469812,0.693111399236358
2016-04-25,0.013835227567773205,1.0906556445625788,0.7293966071719876
2016-04-26,0.006706487343416288,1.0979701128388635,0.7475823077046777
2016-04-27,0.007542677330946727,1.1062517471190303,0.7686214935102399
2016-04-28,0.014223694190408188,1.121986733667656,0.8102479221149188
2016-04-29,0.016730626963720963,1.1407582751668932,0.8620617952627121
2016-05-02,0.02198900332937311,1.165842412677548,0.9349530098534926
2016-05-03,0.017644803907039514,1.1864134734357532,0.9965031849805008
2016-05-04,0.0071852891089360885,1.1949381972451263,1.0
2016-05-05,-0.0022766532714021807,1.1922177372892448,0.992076894515471
2016-05-06,-0.007335752256138402,1.183471923333117,0.9670130083600819
2016-05-09,-0.0022283282237502335,1.180834759444338,0.9594453304702533
2016-05-10,-0.005572692669973325,1.174254330235933,0.9407917340118814
2016-05-11,-0.008125374437860593,1.164713074117487,0.9141775593566719
2016-05-12,-0.007440883903541157,1.1560465793520422,0.8903121884077652
2016-05-13,-0.0005643560715554988,1.155394157445984,0.8885077726889823
2016-05-16,-0.0020416293443922596,1.153035270829803,0.8820170204764561
2016-05-17,-0.0023756342590732908,1.1502960807384999,0.87451705820605
2016-05-18,0.009696671281413471,1.1614501237097195,0.9059391037802467
2016-05-19,-0.0007958683119852727,1.1605257623603076,0.9033598326587788
2016-05-20,-0.0005737166790025633,1.1598599493740294,0.9015036774517751
2016-05-23,-0.008082291032240228,1.150485623706549,0.8759181215278169
2016-05-24,-0.002347243065623443,1.1477851543042044,0.8685501940221994
2016-05-25,0.0014360133644386655,1.1494333891252895,0.8730726211894719
2016-05-26,0.0032504082851193858,1.1531695169364953,0.8834054321721718
2016-05-27,0.005489734789988438,1.1595001117523758,0.9011362249168391
2016-05-31,0.010445643527832116,1.1716118365902226,0.9358831542476465
2016-06-01,0.010600645591399076,1.1840316784406038,0.9722035211626605
2016-06-02,0.005298909269794342,1.190305754877223,0.9906218094684018
2016-06-03,0.00757704349987399,1.1993247533600782,1.0
2016-06-06,0.012621870256773183,1.2144624747927255,1.0
2016-06-07,0.0208588798930163,1.2397948016890024,1.0
2016-06-08,0.0181850469523383,1.262340528368982,1.0
2016-06-09,0.0084861491078761,1.273052938317636,1.0
2016-06-10,0.0070696388527743,1.2820529628320048,1.0
2016-06-13,0.0029599727232424,1.2858478046317394,1.0
2016-06-14,0.0073050786097319,1.2952410239247256,1.0
2016-06-15,0.0036781473669923,1.3000051112864948,1.0
2016-06-16,0.007406328143094,1.309633375728382,1.0
2016-06-17,0.0044604537089927,1.3154749347765704,1.0
2016-06-20,0.0028090091225588,1.3191701158688551,1.0
2016-06-21,0.0052863702884288,1.3261437375747673,1.0
2016-06-22,0.0031332641124568,1.3302988961556697,1.0
2016-06-23,0.0016413956312482,1.3324824429520739,1.0
2016-06-24,-0.0035883568299106,1.3277010204771706,0.9875527479536947
2016-06-27,-0.001258727820952017,1.3260298062647895,0.9832005546804128
2016-06-28,0.003948317924478117,1.3312653935172571,0.9969891246575153
2016-06-29,0.009137885463187152,1.3434303442043227,1.0
2016-06-30,0.00628696863881922,1.3518764486467734,1.0
2016-07-01,0.0080942094031349,1.3628188197092868,1.0
2016-07-05,-0.0038892990128099,1.3575184098191526,0.9865189578022737
2016-07-06,-0.0030331165753063128,1.3534008982290466,0.9760863502337709
2016-07-07,-0.0038708975702763794,1.348162021980482,0.9629038707563959
2016-07-08,-0.005191842073278847,1.341162577673167,0.9454606713864473
2016-07-11,-0.010524613636224646,1.3270473597197938,0.9110682098454952
2016-07-12,-0.005343529189109747,1.3199562434178,0.8938815375627465
2016-07-13,-0.007589341048033788,1.3099386453180208,0.8699929978435119
2016-07-14,-0.0028298572167308007,1.306231705989093,0.8611726953726322
2016-07-15,-0.0021803536657555044,1.3033836589006136,0.8544236736115187
2016-07-18,0.00044280418595452043,1.3039608026406795,0.8557950230816511
2016-07-19,-0.007511248620313145,1.2941664288609023,0.8330096911231626
2016-07-20,-0.0006891169539397878,1.2932745968335544,0.8309292432942885
2016-07-21,-0.0013543172846750143,1.2915230926932315,0.8268574034361544
2016-07-22,-0.009284515721190448,1.2795319262348406,0.7996846365601074
2016-07-25,-0.009074738941001022,1.2679205080375833,0.773931643470898
2016-07-26,-0.005765433957116596,1.2606103960856188,0.7579320693161182
2016-07-27,-0.003165350558963807,1.2566201222637334,0.749264415127329
2016-07-28,-0.003973068236914149,1.2516274847701003,0.7385395648598718
2016-07-29,-0.0066871764346258305,1.2432576309490158,0.7209067298230574
2016-08-01,-0.002896864524113694,1.239656082023586,0.7133784301875089
2016-08-02,-0.005269776494089395,1.233123371541783,0.6999417906091203
2016-08-03,-0.00030174861832047925,1.2327512782682017,0.6991769501227276
2016-08-04,-0.002732840707623297,1.2293823653925757,0.6923117986686121
2016-08-05,0.002933707856605311,1.2329890140967001,0.6997306920512089
2016-08-08,0.0037343260980742033,1.2375933971506803,0.709314954594072
2016-08-09,0.0017009789466072467,1.2396985174636936,0.7137195903445306
2016-08-10,0.0037129395986919716,1.2443014431796242,0.7234620095321203
2016-08-11,0.0043358486434372364,1.2496965459040617,0.7350310895040266
2016-08-12,-1.986378790546237e-05,1.2496717221969276,0.7349779025563095
2016-08-15,-0.0006364536760636585,1.2488763640354625,0.7332771055278442
2016-08-16,0.001084222346772887,1.2502304236977062,0.7361827007429556
2016-08-17,0.002630149541060606,1.2535187166728148,0.7432946506545837
2016-08-18,0.0018944993100369315,1.25589350701667,0.7484576291361824
2016-08-19,0.0048929158285841165,1.262038488236168,0.7620116055612587
2016-08-22,0.004076261958468908,1.2671828877158886,0.7734821097165457
2016-08-23,0.003212567718513553,1.2712537985544174,0.7826333294515551
2016-08-24,0.008639948448067467,1.2822373658383375,0.8079334183294997
2016-08-25,0.007860216318213152,1.2923160289051225,0.8315907989322564
2016-08-26,0.002007319531514886,1.2949101201108335,0.8376882177291651
2016-08-29,0.005338426027980136,1.301822901999928,0.8541645998784482
2016-08-30,0.0060370832286822705,1.309682115208306,0.8731512761349236
2016-08-31,0.005528544436774121,1.3169227509802834,0.8908382887943171
2016-09-01,-0.0013691126853832799,1.3151197353362465,0.8864682373203254
2016-09-02,0.004034411366593214,1.320425469344918,0.8994836316461685
2016-09-06,-0.0008787592286568023,1.3192651332779777,0.8966527659259038
2016-09-07,0.002244937507655514,1.3222268010582154,0.9039272804333933
2016-09-08,0.003664581456125382,1.3270722088741653,0.9159252689561479
2016-09-09,0.004053935281968565,1.3324520737234404,0.9293512823074634
2016-09-12,0.0002096854842688118,1.332731469581784,0.930046547765013
2016-09-13,0.009414069608359324,1.345277896405678,0.9620484359525334
2016-09-14,0.0035775640588459603,1.3500907142570189,0.9743335736966572
2016-09-15,0.0022658897534822537,1.3531498709727252,0.9821611547549707
2016-09-16,0.004801591032035552,1.359647143258188,0.9989531626339165
2016-09-19,-7.146688455408662e-05,1.3595499735127665,0.9987032603988726
2016-09-20,0.011744049106294195,1.3755165951641612,1.0
2016-09-21,0.01514961466754882,1.3963551415497168,1.0
2016-09-22,0.0162766811928299,1.4190831690206904,1.0
2016-09-23,0.0210207298227865,1.448913332912738,1.0
2016-09-26,0.0162106164370374,1.472401111203096,1.0
2016-09-27,0.0127101955868542,1.4911156173087887,1.0
2016-09-28,0.0051394879582661,1.4987791880683297,1.0
2016-09-29,-0.0006027769642434,1.4978757584992746,0.9978934566592137
2016-09-30,-0.0038701561556744946,1.492078745412083,0.9844985380697338
2016-10-03,-0.00509909395804325,1.4844704956964276,0.9670770692817765
2016-10-04,-0.007661678245063103,1.4730969603941122,0.9414137328694254
2016-10-05,-0.004276659385429322,1.4667970264527954,0.9272578735277921
2016-10-06,-0.005489658710997973,1.458744811379263,0.9093578848097406
2016-10-07,-0.009012124782621297,1.4455984211131117,0.880696325706539
2016-10-10,-0.007062075843238727,1.4353894954243447,0.8587111204043512
2016-10-11,-0.00581808020556251,1.427038284213744,0.8409264037814232
2016-10-12,-0.007880766700038937,1.4157921284238315,0.8174130736007514
2016-10-13,-0.003591787495863221,1.4107069039602171,0.8068419132149749
2016-10-14,-0.005387035168892962,1.4031073762555835,0.7912589901994649
2016-10-17,-0.0008496662619802032,1.4019152032560436,0.7888142855662776
2016-10-18,0.00975139299057482,1.4155858293424548,0.817678236360933
2016-10-19,0.011652037493086463,1.432080288500635,0.8535239307798625
2016-10-20,-0.0023470622212163764,1.4287191069577465,0.8463180616892534
2016-10-21,-0.0068018571738263185,1.4190011636507032,0.8258460799915597
2016-10-24,-0.0015595255628539227,1.4167881950622705,0.8211858920640545
2016-10-25,-0.015691446857600867,1.3945567383909747,0.7763733196455617
2016-10-26,-0.009712799467555877,1.3810116884448544,0.7496477358378216
2016-10-27,-0.00422658611310405,1.375174723620439,0.7382412230901413
2016-10-28,-0.0046952779221292335,1.3687178961015538,0.7257905514373604
2016-10-31,-0.00666518818226164,1.3595951337556076,0.7085425862975394
2016-11-01,0.00014185701478407702,1.359788001862597,0.7089076751801657
2016-11-02,-0.0030620781309661583,1.3556242247593433,0.7011014257258852
2016-11-03,-0.008401916794713495,1.3442343828180174,0.6803030114767693
2016-11-04,0.01073154343623909,1.358660092485715,0.7075718720344013
2016-11-07,-0.012170488087070063,1.34212453601574,0.6774803623930403
2016-11-08,0.0012604381080634328,1.3438162009267014,0.6805707053436147
2016-11-09,0.017332111323526567,1.3671073729195216,0.7255946172385463
2016-11-10,0.030455042623626635,1.4087426862328596,0.8141241156047927
2016-11-11,0.007160173070962194,1.4188295276787393,0.8357808161101143
2016-11-14,0.025441640352881253,1.4549268782439901,0.918804589215009
2016-11-15,0.02376467051779406,1.4895027361329412,1.0
2016-11-16,0.0011674135246652337,1.4912416017721288,1.0
2016-11-17,-0.0060950498903362,1.482152409810783,0.9789891075917938
2016-11-18,0.0026872799524761625,1.4861353682681817,0.9883147383464301
2016-11-21,0.0062211104837079515,1.4953807805879242,1.0
2016-11-22,-0.0006239181231815096,1.4944477854178582,0.9978196891756621
2016-11-23,-0.0003541669661781542,1.493918501379585,0.9965831351893464
2016-11-25,0.0032600418371056417,1.4987887381953087,1.0
2016-11-28,0.009554923168314012,1.5131095494342992,1.0
2016-11-29,0.0147754337631583,1.535466399358368,1.0
2016-11-30,0.0192963945743597,1.5650953648560582,1.0
2016-12-01,0.0201117754535796,1.5965722113974814,1.0
2016-12-02,0.0184392882951507,1.626011866687466,1.0
2016-12-05,-0.0023316486114744,1.622220578376263,0.9918866156569461
2016-12-06,-0.009858362769508291,1.6062281394224684,0.9584199533572986
2016-12-07,-0.003987993985572902,1.5998225112629936,0.9450273502358659
2016-12-08,0.004399817504234177,1.6068614383517164,0.9599675849318376
2016-12-09,0.0015323984297116859,1.6093237902966109,0.9651936662970275
2016-12-12,0.012609341203742819,1.6296163030757616,1.0
2016-12-13,0.017936293595453418,1.6588455795356658,1.0
2016-12-14,0.0070221090600691,1.6704941741089787,1.0
2016-12-15,0.0003661591317119,1.6711058408053003,1.0
2016-12-16,0.0092622500061619,1.6865840408895965,1.0
2016-12-19,0.01072341640486,1.7046699838618469,1.0
2016-12-20,-0.0032587214360443,1.699114939244055,0.9886868909355035
2016-12-21,-0.0043614613508061745,1.6917043151059648,0.9737113578814673
2016-12-22,-0.007353433651876997,1.679264479666239,0.9489340037845635
2016-12-23,-0.009399782287119119,1.663479759154884,0.9180400447279662
2016-12-27,-0.012405672796249424,1.6428431735596247,0.8786338750078033
2016-12-28,-0.010241413182189445,1.6260181378256613,0.8470876626482093
2016-12-29,-0.007939342505762802,1.6131086229088807,0.8232485171262385
2016-12-30,-0.0006422550675630677,1.6120725957212878,0.821329788323172
2017-01-03,0.001963484049627132,1.6152378745498277,0.8272271094740864
2017-01-04,0.005489085645571188,1.6241040535812021,0.8439885468458408
2017-01-05,0.010626467487406307,1.6413625425027476,0.87749931925
2017-01-06,0.005001708772079389,1.649572159929746,0.8935435160839744
2017-01-09,-0.008575149580482081,1.6354268319145493,0.8666318297002824
2017-01-10,-0.007504346674483002,1.6231540220071112,0.8436164899308178
2017-01-11,-0.013638916351470382,1.6010159600754035,0.8034556741088859
2017-01-12,-0.008326186542296235,1.5876856025346222,0.7796690090923264
2017-01-13,-0.0049356068546180685,1.579849410591774,0.7658376347428395
2017-01-17,0.00781362931006619,1.5921937682518645,0.788185655969034
2017-01-18,0.010091535964236073,1.608261448926211,0.8180641611255386
2017-01-19,0.012735111179676063,1.6287428372842732,0.8573818110446703
2017-01-20,0.01643506754141157,1.6555113358226305,0.9107744502889537
2017-01-23,0.011371317985694641,1.6743366816511918,0.9490125000498786
2017-01-24,0.0009082885336900219,1.6758574624606721,0.9520785527212028
2017-01-25,0.004771739924883557,1.6838542184227099,0.9683882412139193
2017-01-26,-0.0015200696543969975,1.6812946427228572,0.9632110661413977
2017-01-27,0.004556358211158478,1.6889552233736043,0.9789108549329575
2017-01-30,0.003534322597354107,1.6949245359854928,0.9912017195499481
2017-01-31,0.01237664128624112,1.715902008974634,1.0
2017-02-01,-0.004434259708943534,1.7082932538317426,0.9846508747918614
2017-02-02,-0.0007971091076749592,1.7069315577205337,0.981897471259481
2017-02-03,-0.013401838618713052,1.6840555364507748,0.9371418619467682
2017-02-06,-0.01230507016737329,1.6633331149089945,0.8973932629527119
2017-02-07,-0.010371428064885693,1.6460819751597737,0.8648843931473318
2017-02-08,-0.0009428099518275394,1.6445300326920693,0.861945225282408
2017-02-09,0.0014762622000223714,1.6469577902161343,0.8665649300166438
2017-02-10,0.002741180656594594,1.6514723990529028,0.8752122219242959
2017-02-13,0.0011336989275503757,1.653344671540588,0.8788025694294745
2017-02-14,-0.00010752450111710159,1.653166896479606,0.8784620411977746
2017-02-15,-0.006015567259884215,1.643222159822019,0.8597216819780309
2017-02-16,-0.00654582059819195,1.6324659223608504,0.8397321624029823
2017-02-17,0.0016449430251817628,1.6351512357936848,0.8447669811654708
2017-02-21,-0.007461465658514265,1.6229506110013332,0.8223875810807382
2017-02-22,-0.005769156604014189,1.613587554765886,0.8054187391014629
2017-02-23,0.0006092768621792217,1.6145706763281054,0.807209054627199
2017-02-24,0.0052536059089696345,1.6230529943737118,0.8228885447804948
2017-02-27,0.004046271026774056,1.6296203066797652,0.8351353569927031
2017-02-28,0.005748200118946527,1.6389876903204597,0.852849608512996
2017-03-01,-0.0036634521851358053,1.6329833372849445,0.8416510730854485
2017-03-02,0.002233094811295993,1.6366299439023684,0.8485112170395466
2017-03-03,-0.003365688354120873,1.6311215575601707,0.8382602428627923
2017-03-06,0.0018827487189766916,1.6341925495831626,0.8440178983528799
2017-03-07,-0.004366383235675779,1.6270570386307965,0.8308182501053216
2017-03-08,-0.0031454030296349414,1.6219392884920985,0.8214104518162568
2017-03-09,0.001244432630919421,1.6239576826680682,0.8251407335490273
2017-03-10,-0.0047645769282820116,1.6162202113607216,0.8110434393770449
2017-03-13,-0.0022226235224777455,1.6126279623014474,0.8045235729057119
2017-03-14,-0.012086684706035059,1.5931366365729742,0.7703218194847763
2017-03-15,-0.007596036592691042,1.581035112384409,0.7494542987939806
2017-03-16,-0.00956288899531284,1.565915849106985,0.7240656785748187
2017-03-17,-0.008614483501687469,1.5524262928598218,0.7019647199432303
2017-03-20,-0.006772507781141851,1.5419124737117795,0.6850897894495356
2017-03-21,0.0013188698368936077,1.543946055564488,0.6883673234649093
2017-03-22,-0.0007135914139457594,1.5428443089156416,0.6865955674862828
2017-03-23,0.003330137270258787,1.5479821922509682,0.694946615480252
2017-03-24,0.0009761155158562279,1.5494932016870937,0.6974104673412952
2017-03-27,0.0005261236405309512,1.5503084266913432,0.6987419945531048
2017-03-28,-0.005730838078123424,1.5414238601268246,0.6844915954218134
2017-03-29,-0.004307065072127807,1.5347848472575278,0.6739904515460341
2017-03-30,-0.006646195508049118,1.524584367099863,0.6582054816684988
2017-03-31,-0.0014722778228516708,1.5223397553471154,0.6547528552715952
2017-04-03,-0.004979857523635138,1.5147587202629211,0.6432853832268854
2017-04-04,-0.0012097474769102946,1.5129262447229552,0.6405286231332858
2017-04-05,-0.0022232537105867,1.5095626258355308,0.6355078863976504
2017-04-06,-0.003353440004072511,1.5045003981374012,0.6280422001259469
2017-04-07,-0.00011272822779791766,1.504330798473798,0.6277925192699454
2017-04-10,-0.003536898872534415,1.4990101325687573,0.6200527822346533
2017-04-11,-0.001957407293504061,1.4960759592022308,0.6158199437409992
2017-04-12,-0.0011485324523049655,1.4943576674119738,0.6133533377899205
2017-04-13,0.0040801300150568225,1.5004548409840117,0.6222235630126951
2017-04-17,0.0029292148785693985,1.5048499956288435,0.6286954109284462
2017-04-18,0.009077616917969038,1.5185104474081694,0.6494675080735923
2017-04-19,0.009056962520193446,1.5322635396168676,0.6710917499496094
2017-04-20,0.004921358417498833,1.5398043576853875,0.6831636434985431
2017-04-21,0.002521852986034446,1.5436875179027252,0.6894341573663025
2017-04-24,-0.0027675381672542915,1.5394153037786154,0.6825952346419669
2017-04-25,-0.007636065761157513,1.5276602272852295,0.6642358209854899
2017-04-26,-0.006806585289353448,1.5172620776550596,0.6483680769802935
2017-04-27,-0.007704055652461684,1.5055730061694355,0.6310072072332441
2017-04-28,-0.0013020138980700602,1.5036127291908437,0.6281164432772812
2017-05-01,-0.004657088655514911,1.4966102714074412,0.6179565233793625
2017-05-02,0.0017346306259143152,1.4992063374192823,0.6217370664428403
2017-05-03,0.011153653314791493,1.5159279651541955,0.6470562822253211
2017-05-04,0.017440778962637855,1.5423669297177311,0.6896879827348144
2017-05-05,0.020265283683735615,1.5736234330928733,0.7436570777266598
2017-05-08,0.019962777230375307,1.6050373271322047,0.8012127063967385
2017-05-09,0.021005991643143308,1.6387527278128768,0.8664344001684858
2017-05-10,-0.01591946364729753,1.61266466333555,0.8187300552210488
2017-05-11,-0.013322043224269805,1.5911806749843413,0.7805360229327305
2017-05-12,-0.01582321910672232,1.5660030745256817,0.7375394775419337
2017-05-15,-0.00477247823927069,1.5585293589298768,0.7248998966534175
2017-05-16,-0.004472442224020854,1.5515589264176226,0.7132633385449546
2017-05-17,0.0030144890073615853,1.5562360837455822,0.7211501515219252
2017-05-18,0.0034141699807084393,1.5615493382656016,0.7302023370315471
2017-05-19,0.007471288708903217,1.5732161242049807,0.7505340170993366
2017-05-22,0.011268325263093789,1.5909436352016664,0.7824544655037939
2017-05-23,0.009872068575268006,1.6066495398677634,0.8114626859025564
2017-05-24,0.008401036319651911,1.6201470610051443,0.8368885811259601
2017-05-25,0.012616754047945723,1.6405880579953485,0.8766122744764977
2017-05-26,0.0004611403652053472,1.6413445993715639,0.8780719303034423
2017-05-30,-0.0017592907707055167,1.6384569969663423,0.8725292571615262
2017-05-31,0.005122895191055498,1.6468506404368526,0.8888904587946231
2017-06-01,0.00268873229236651,1.6512785809344996,0.897552096284771
2017-06-02,0.0036548301070170133,1.6573137236071713,0.909450121728816
2017-06-05,0.002912631767573844,1.6621408682073857,0.9190132139191425
2017-06-06,0.0002893966887308871,1.6626218862708493,0.9199646116946574
2017-06-07,-0.0005388547844418723,1.6617259745127146,0.9181955589787782
2017-06-08,-0.00148866695060536,1.6592522179734952,0.9133279914859693
2017-06-09,0.002447531752735002,1.6633132904627814,0.9213811182003171
2017-06-12,0.016136066281977997,1.690152623965384,0.9768317751520144
2017-06-13,0.00912274101356873,1.7055714486272238,1.0
2017-06-14,0.018486498542332048,1.7371014927261141,1.0
2017-06-15,0.017488148622128875,1.7674801818026302,1.0
2017-06-16,0.0190661326756188,1.801179193450406,1.0
2017-06-19,0.0079283396712542,1.8154595539048763,1.0
2017-06-20,-0.0016549033070181,1.8124551438853616,0.9942317361343769
2017-06-21,-0.006850189171612848,1.800039483284684,0.9707611878473945
2017-06-22,-0.014290981253790636,1.7743151527729797,0.9235532708077947
2017-06-23,-0.00821355465994459,1.759741718281711,0.8970468282773083
2017-06-26,-0.02379608905856691,1.717866747633404,0.8250953692608525
2017-06-27,-0.017732671100604575,1.6874043816029554,0.7745184271681748
2017-06-28,-0.022159382609583507,1.6500125422939278,0.7158692887822212
2017-06-29,-0.007929439965433577,1.6369288668975956,0.6957392070218508
2017-06-30,-0.009417084504364992,1.6215137694303867,0.672709074610971
2017-07-03,-0.002912382609832151,1.6167913009266943,0.665724451223555
2017-07-05,0.007293813451572806,1.6285838750657793,0.683580090021139
2017-07-06,0.008430899788489325,1.6423143025136087,0.7049634103553477
2017-07-07,0.015167638406699043,1.6672243320042852,0.7456790730649481
2017-07-10,0.006052188440182847,1.677314687833633,0.7624398398814078
2017-07-11,0.01282697984839035,1.6988295695338842,0.7995261742760578
2017-07-12,0.009204035721263963,1.7144656575762136,0.8270708478272353
2017-07-13,0.01238860919081479,1.7357055025789985,0.865652124911968
2017-07-14,0.0062772270371435,1.746600920088306,0.8856317585604534
2017-07-17,0.015703951732289986,1.7740294566329458,0.9379038795707058
2017-07-18,0.00042589519618249145,1.7747850072564118,0.9393268935291554
2017-07-19,-0.0034353201133873867,1.7686880526240454,0.9279505365529095
2017-07-20,0.0040306757696487545,1.7758170607018242,0.9414349396971673
2017-07-21,-0.005605979286273729,1.7658618670433184,0.9229426440818911
2017-07-24,-0.012086755307876998,1.744518326748855,0.8843512867626158
2017-07-25,-0.0107867837573924,1.7257005847974072,0.8509906925099158
2017-07-26,-0.008641907181986092,1.710787240519689,0.824986790545468
2017-07-27,-0.002507631662942662,1.7064972162668035,0.8175207422365898
2017-07-28,-0.0008373402790182872,1.7050682974115907,0.8150364843852789
2017-07-31,0.006273355518669678,1.7157647970248662,0.8339814430997627
2017-08-01,0.01257956513237974,1.7373483720408847,0.8734646881911667
2017-08-02,0.0007074018237840696,1.7385773754478147,0.8756986153081465
2017-08-03,-0.000511047409479063,1.7376888799839132,0.8740867024431167
2017-08-04,-0.003227684423608444,1.7320801686529115,0.8639973210778202
2017-08-07,-0.0017506616097385506,1.7290478823966613,0.8585566556407302
2017-08-08,0.0009188896496065835,1.7306366865994698,0.8614180596037997
2017-08-09,0.00011080602763048537,1.7308284515759835,0.861763315702408
2017-08-10,0.0030048669512749873,1.7360293607884507,0.8712048554626963
2017-08-11,0.0011089741006298083,1.737954572387498,0.8747031724188359
2017-08-14,0.0007636183011054367,1.739281706305463,0.8771178663680574
2017-08-15,0.0003986172999723872,1.7399750140831218,0.8783800084161804
2017-08-16,-0.0009399097481056155,1.7383395946059248,0.8754112940739902
2017-08-17,0.003107136918481685,1.7437408537371832,0.8853067978663356
2017-08-18,0.0035427201964819996,1.7499184396771486,0.8967083715504274
2017-08-21,0.0012483038301272706,1.7521028695678078,0.9007427052740087
2017-08-22,-0.0003628853713356683,1.7514670570673665,0.899570741989133
2017-08-23,-0.0010200696741575024,1.7496804386371663,0.896285644866539
2017-08-24,0.006310657255948571,1.7607220721928432,0.9169544757673587
2017-08-25,0.007591466371456315,1.774088534593376,0.9423573219368471
2017-08-28,0.010411588632703696,1.792559614613558,0.9781968088646065
2017-08-29,0.004284569008930501,1.8002399599849919,0.993117313974442
2017-08-30,0.009993571449757469,1.8182307866518104,1.0
2017-08-31,-0.001712240514284649,1.8151175382345854,0.9940327381159872
2017-09-01,0.0036119935591084145,1.8216737310917133,1.0
2017-09-05,-0.006443672537073371,1.8099354620991697,0.9778065836288259
2017-09-06,0.0008840484900086282,1.8115355328114513,0.9808577583615357
2017-09-07,-0.001747667607384721,1.8083695708411303,0.9748523605886554
2017-09-08,0.005640399881937382,1.8185694983550018,0.9945136141943649
2017-09-11,0.009889185884009919,1.8365536701672251,1.0
2017-09-12,0.005880252026491189,1.8473530686079858,1.0
2017-09-13,0.0035488564909096,1.853909059536517,1.0
2017-09-14,-0.0024567071841745,1.8493545478311475,0.9914541191264132
2017-09-15,-0.02183971597874212,1.8089651697625202,0.9195092043857969
2017-09-18,-0.025300074695426004,1.7631982158461044,0.84170131221875
2017-09-19,-0.01663311177093464,1.7338707428476237,0.7932294019111488
2017-09-20,-0.014605075122824924,1.7085474303950658,0.7527588941505006
2017-09-21,-0.010829666115480955,1.6900444321814243,0.7239837493756935
2017-09-22,-0.002379807236374327,1.686022452211925,0.7177602608247853
2017-09-25,0.005966519165256021,1.6960821374860993,0.7336251279340549
2017-09-26,0.005865460686148626,1.7060304405840028,0.749586100509487
2017-09-27,0.0011858957072105772,1.708053614759862,0.7528392720536873
2017-09-28,0.004617287265710795,1.7159401889644441,0.765695422595658
2017-09-29,0.007714157682440249,1.7291772221557522,0.7877482676975325
2017-10-02,0.008895381157586178,1.7445589126358438,0.8139780683451818
2017-10-03,0.010123366407583316,1.7622197217280715,0.8448569894762739
2017-10-04,0.014188593864882342,1.787223141660357,0.8900963746178907
2017-10-05,0.01636088767202391,1.8164636987259035,0.9448718658848485
2017-10-06,0.008108221751091715,1.8311919891979813,0.9726695436653061
2017-10-09,0.00018081441431742863,1.8315230951050108,0.9732900791706542
2017-10-10,0.0021700442965883544,1.8354975813516132,0.980778845413727
2017-10-11,0.009981140738146545,1.8538179410356113,1.0
2017-10-12,0.00908607763171149,1.8706618747629202,1.0
2017-10-13,0.019099413066903145,1.9063904186175247,1.0
2017-10-16,0.0087098435463936,1.9229947809020274,1.0
2017-10-17,-0.0021576556606738,1.918845620327568,0.9924887945255505
2017-10-18,-0.006215322926836977,1.9069193751504852,0.9711870175403914
2017-10-19,-0.019952078931441814,1.868872369261587,0.9061886634092722
2017-10-20,0.0044256009171798495,1.8771432525330833,0.9207368909064302
2017-10-23,-0.008107617473719016,1.8619240930981724,0.8946289663607163
2017-10-24,-0.003642098491677307,1.855142782167082,0.8830345419387564
2017-10-25,0.00012144791428297293,1.8553680853886734,0.8834209464151632
2017-10-26,0.007696890632884187,1.8696486506256538,0.9084317589284625
2017-10-27,-0.002944608787349917,1.8641432667797646,0.8989224314314457
2017-10-30,-0.002380405899747525,1.8597058491495475,0.8912888963853949
2017-10-31,-0.008085591026559343,1.844669028223624,0.8659336483971689
2017-11-01,-0.01593061667280395,1.8152823130467997,0.8182215810332825
2017-11-02,-0.005970996034233991,1.804443269554582,0.8007512489912993
2017-11-03,-0.003669362844424041,1.7978221124664073,0.7901602788981024
2017-11-06,-0.006665854522647773,1.7858380918071068,0.7713298755098639
2017-11-07,-0.005186883940054566,1.7765751568891748,0.7569595866396779
2017-11-08,4.914810971773148e-05,1.7766624721999074,0.7570953012093002
2017-11-09,0.008970378434464679,1.792599806925852,0.7825498917229998
2017-11-10,0.004445825474501212,1.8005693928130688,0.7954056649600963
2017-11-13,0.0003732687716791297,1.8012414891386472,0.7964888991947816
2017-11-14,0.0009281857115275257,1.8029133757518763,0.7991903768109432
2017-11-15,-0.002714750970864963,1.7980189149146686,0.7913475000368106
2017-11-16,-0.0032758618514099423,1.792128853343186,0.7819877706794697
2017-11-17,-0.005437977341109744,1.782383297246357,0.766726533124261
2017-11-20,-0.0020529546187817932,1.7787241452238356,0.7610198163788002
2017-11-21,-0.0019823608894915757,1.7751980720451497,0.7555495783349246
2017-11-22,0.002888731586398741,1.7803261427879808,0.7635799642003878
2017-11-24,0.003610889689581481,1.7867547041010663,0.773747549826188
2017-11-27,-0.014318626039402222,1.7611708316689003,0.7350110770837439
2017-11-28,-0.015167192436059396,1.7344588147522033,0.6962365086138191
2017-11-29,-0.006896787024755475,1.7224966217036475,0.6792210627321225
2017-11-30,-0.006406068853633129,1.7114621897448634,0.663850469658843
2017-12-01,-0.00400334567172281,1.7046106149952311,0.6544390847733701
2017-12-04,0.0018229662857504082,1.7077180626767,0.6587294614654724
2017-12-05,-0.0024038866643451427,1.7036129019993702,0.653103675601238
2017-12-06,-0.003462935278204799,1.6977134007806316,0.645115375551228
2017-12-07,-0.004041390336062778,1.6908522782493125,0.6359579872390366
2017-12-08,-0.0008281122313192765,1.68945206279634,0.6340969659483368
2017-12-11,-0.0020058614741764046,1.686063255991109,0.6296245727470999
2017-12-12,0.0029030759528877303,1.6909580256846244,0.6361427279212765
2017-12-13,0.005806363469171538,1.7007763425928621,0.6494909725178788
2017-12-14,0.007041364709938884,1.7127521291110945,0.6661906464959346
2017-12-15,0.006805711981830961,1.7244086267980925,0.6828389009401766
2017-12-18,0.005065209326226795,1.7331431174567762,0.6955302177195053
2017-12-19,0.00840718894671301,1.7477139791169305,0.717282851733456
2017-12-20,0.0048711321437109835,1.75622732485862,0.7301812372932942
2017-12-21,0.00519580884238875,1.765352346322365,0.744220479372811
2017-12-22,0.0051277451043043555,1.7744046231735917,0.7583523106912944
2017-12-26,0.007523061304783615,1.787753577933218,0.7796414398743836
2017-12-27,0.004730030900852503,1.7962097075999517,0.7932814621214057
2017-12-28,-0.002057160032003373,1.7925146167803805,0.7873689418769314
2017-12-29,-0.003498834349633057,1.78624290506697,0.777427244495932
2018-01-02,-0.0065143118471073045,1.774606761748681,0.7593083090791508
2018-01-03,-0.004534632171467353,1.766559572835152,0.7469191817453555
2018-01-04,-0.005172603581550838,1.757421860461682,0.733052468463938
2018-01-05,0.003234494996994361,1.763106232676954,0.7417754879923091
2018-01-08,-0.0007077718338956609,1.7618583557452994,0.7398660244876734
2018-01-09,0.0034069640527316473,1.7678609438293285,0.7491491124556504
2018-01-10,0.0036655307405381405,1.7743410924639318,0.7592746712733138
2018-01-11,0.001648387159972348,1.7772658935381607,0.7638626641383721
2018-01-12,0.0038838089896866494,1.7841684547925476,0.7748117886729089
2018-01-16,-0.0010159226910027765,1.7823558775747523,0.771949275006885
2018-01-17,-0.0019490732178883484,1.7788819354690255,0.7664927494769898
2018-01-18,0.008660746100734333,1.7942883802553058,0.7913480725681675
2018-01-19,0.0050631305646967415,1.8033730965952566,0.8061731761718838
2018-01-22,0.007221795046474892,1.816396687491194,0.8278252244154165
2018-01-23,-0.005144137081215266,1.807052893936874,0.8125761796871989
2018-01-24,-0.0064334064672135005,1.7954273881624236,0.7938985521895932
2018-01-25,-0.004413509567652882,1.7875032522067429,0.7812912063666912
2018-01-26,-0.012734879585727596,1.7647396135307936,0.7463393790873497
2018-01-29,-0.009812458101760695,1.7474231800125053,0.7204218971037801
2018-01-30,-0.0016856970002815021,1.7444775539997357,0.716027876571109
2018-01-31,-0.005474464870875735,1.734927472912333,0.7020202561939103
2018-02-01,-0.004436811042635423,1.727229927542344,0.6908825516781318
2018-02-02,0.003819541186044514,1.7338271533883605,0.7005458763152861
2018-02-05,0.009970173319983984,1.751113710614537,0.7266838294231277
2018-02-06,0.0004784512456681778,1.751951533150687,0.7279512881852244
2018-02-07,0.008107737169405667,1.7661558957150099,0.7499864849862947
2018-02-08,0.004429039505978945,1.7739782699508493,0.762263739878856
2018-02-09,-0.006603331518497292,1.7622641033277535,0.7442627727954909
2018-02-12,0.0021807809928588227,1.7661072153886883,0.7502192148673632
2018-02-13,0.0016706624573166594,1.7690577844090343,0.7548129662119814
2018-02-14,-0.009197413222675616,1.7527870289510334,0.7301849646513756
2018-02-15,-0.005463274489711533,1.743211072289868,0.7159012290736595
2018-02-16,-0.005902767694862616,1.7329213022870285,0.7008207833867266
2018-02-20,-0.005397601612269956,1.723567683471867,0.6873387127738635
2018-02-21,-0.00166733286559055,1.7206939224271447,0.6832188227281376
2018-02-22,-0.0025619521942970218,1.716285586856869,0.6769513767168844
2018-02-23,-0.0037987041605608805,1.7097659256573652,0.6677973389378309
2018-02-26,-0.00028026494523008546,1.7092867382038546,0.6671254946509614
2018-02-27,0.0022857627909414094,1.7131937622290905,0.6726441423855829
2018-02-28,-0.00045665644475933006,1.712411421256447,0.671540341852644
2018-03-01,0.0024270073551170596,1.7165674563708229,0.6774502053125735
2018-03-02,0.006408874433553127,1.7275687216554272,0.6934275869162537
2018-03-05,-0.0011197987545842258,1.7256341923524587,0.690626991071761
2018-03-06,-0.002868605034410605,1.7206840294207255,0.6835261929987158
2018-03-07,0.000819927617114227,1.7220948657767747,0.6855550392441833
2018-03-08,0.00169751596465836,1.725018149304087,0.6897820761113908
2018-03-09,-5.663521530716068e-05,1.7249204525297923,0.6896408223351539
2018-03-12,0.001169021801809009,1.7269369221451858,0.6925672413681873
2018-03-13,0.004930616037213188,1.7354517850287703,0.7051214390879608
2018-03-14,0.00571772486652589,1.745374620854686,0.7200175307515709
2018-03-15,0.0027744398863065664,1.7502170578193326,0.7273463138167902
2018-03-16,-0.004283120998685516,1.742720666386729,0.7161547693123463
2018-03-19,0.005076608216935175,1.7515677764415305,0.72958277924305
2018-03-20,-0.012574917227867563,1.7295419566337782,0.6974428969896442
2018-03-21,-0.00613106970234039,1.7189380143445343,0.6822493669399553
2018-03-22,-0.005556262742289437,1.7093871430991268,0.6688094861136928
2018-03-23,0.0018771035923456922,1.7125958398461478,0.6733494679759473
2018-03-26,-0.01093703448216291,1.6938651200917418,0.6477593979824009
2018-03-27,-0.0027545604722845163,1.6891992661865556,0.6414576010334755
2018-03-28,0.0015249540124238066,1.6917752173853102,0.6449514104104282
2018-03-29,0.00022392196503368195,1.6921540430163826,0.6454658610244317
2018-04-02,-0.0008885325788330453,1.6906505090207584,0.6434299184722617
2018-04-03,-0.0023700792057378115,1.6866435334051582,0.6380482190495471
2018-04-04,-0.0033475278695037397,1.6809974471711662,0.630555600522098
2018-04-05,0.005705219674640042,1.6905879068797869,0.6435132874475141
2018-04-06,0.004601726912030332,1.6983675307480288,0.6542100425380697
2018-04-09,0.004052663951575732,1.705250443616418,0.6638144554294365
2018-04-10,0.011081400184829242,1.724147006197489,0.6911874104387643
2018-04-11,0.010623437243970585,1.742463373717208,0.7186738967403993
2018-04-12,0.00686022721771842,1.7544170683794604,0.7369917597786387
2018-04-13,0.011294511025356172,1.7742323513013454,0.7683984908572377
2018-04-16,0.007619325969363899,1.7877508059313014,0.7902497080050216
2018-04-17,0.0017846371435918957,1.7909412924230528,0.7954181415375208
2018-04-18,0.00323000155154437,1.796726035576304,0.804870629136766
2018-04-19,-0.0018096510590903433,1.793474588403128,0.7995936464726963
2018-04-20,0.003397174731608131,1.7995673349566326,0.8095893443196027
2018-04-23,0.004812327554568189,1.8082274424289453,0.8239723234518246
2018-04-24,0.0001750661997678763,1.8085440019356074,0.8244969730324434
2018-04-25,-0.003778763294204555,1.8017099422451393,0.8132930664420996
2018-04-26,-0.0038124792083739515,1.794840960550809,0.8021318386904479
2018-04-27,-0.0029407599599820494,1.7895627641194856,0.7936119983826291
2018-04-30,-0.012527220792959088,1.7671445162505026,0.7586735047692932
2018-05-01,-0.010277779159087907,1.7489821951702866,0.731095802084905
2018-05-02,-0.004384299730316571,1.741314133003673,0.7195794478078951
2018-05-03,-0.004691972685887399,1.73314393465407,0.7074784496662572
2018-05-04,-0.005972588638321531,1.7227925788813794,0.6924250634762799
2018-05-07,-0.0035386750705431913,1.716696175730775,0.6836575995276546
2018-05-08,-0.003269152672204937,1.7110840338405207,0.6756720955453154
2018-05-09,-0.0028453461929509607,1.7062154073990135,0.6688100937128016
2018-05-10,-0.003941094146295304,1.6994910518445945,0.6594569476167893
2018-05-11,-0.0027278855909337813,1.6948550346923468,0.653070783691603
2018-05-14,0.00011848965817764152,1.6950558574860681,0.6533473453742522
2018-05-15,0.0016367693636870919,1.6978302729833399,0.6571889635091679
2018-05-16,-0.00019781636656037124,1.6974944143677022,0.6567240281121163
2018-05-17,0.0006654607131635098,1.6986240302112785,0.6582911354934644
2018-05-18,0.001245700103353576,1.7007400063412716,0.6612391299589643
2018-05-21,-0.004727909454242216,1.6926990615860829,0.6502053985325458
2018-05-22,-0.003703229798075753,1.6864306079820424,0.641718368305596
2018-05-23,-0.0017609935475432989,1.6834608145630063,0.6377256325498977
2018-05-24,0.0014521390652618932,1.685905433776671,0.6410262649034446
2018-05-25,0.001195735459629929,1.6879213306854206,0.643760370132219
2018-05-29,0.004694121364961528,1.6958446382661654,0.6546807261159469
2018-05-30,0.006518219501273216,1.7068985258584415,0.6702693642959248
2018-05-31,0.005046040168734198,1.7155116043838765,0.6826337218166207
2018-06-01,-7.02960912260356e-05,1.7153910106236354,0.6824605465535756
2018-06-04,-0.002580683066179182,1.710964130090643,0.6761560240368916
2018-06-05,0.00044298548936179063,1.7117220623730915,0.6772367139327986
2018-06-06,-0.005874592915387867,1.7016663920723616,0.6631673134764433
2018-06-07,-0.0029236123830497078,1.6966913791366793,0.6562788891750038
2018-06-08,-0.0029933973764350212,1.6916125076137518,0.6493200136869133
2018-06-11,0.005188353923098205,1.7003891920039915,0.6615450181582956
2018-06-12,0.0014273557993865463,1.7028162523784125,0.6649458891329222
2018-06-13,-0.0014997173064652412,1.7002625093749903,0.6613840043449315
2018-06-14,-0.001836807005026585,1.6971394552873864,0.6570554737330752
2018-06-15,-0.0012245172117541629,1.6950612788136399,0.6541878864886024
2018-06-18,-0.010203774396489639,1.6777652559364002,0.6311148669949208
2018-06-19,-0.007113172626752979,1.6658310220437562,0.6156231105863044
2018-06-20,-0.010538702129368888,1.648275325104575,0.5937093463229218
2018-06-21,-0.006691304469550107,1.6372462130546535,0.5803467265786034
2018-06-22,-0.005179443424783382,1.628766188921696,0.5703101651919495
2018-06-25,0.0033855292240362366,1.6342804244534126,0.5768852298998876
2018-06-26,0.0033003627062392696,1.6396741426178156,0.583412095636286
2018-06-27,0.0075559920282194494,1.6520635073683136,0.5988520251250515
2018-06-28,0.007785121054700837,1.6649250217632297,0.6154133965225448
2018-06-29,0.008673838861268074,1.6793663131180974,0.634661591912966
2018-07-02,0.0019752637109995814,1.6826835044538746,0.639130380496816
2018-07-03,0.004993606869898628,1.6910861643615804,0.650649844807736
2018-07-05,0.005576541451236555,1.7005165764547554,0.6638409733393971
2018-07-06,0.005726547191296662,1.7102546648794057,0.6777392019687962
2018-07-09,0.00295092938533397,1.715301505626403,0.6850173808148143
2018-07-10,0.005282080721330938,1.724361866640542,0.6983110918457553
2018-07-11,0.00191615328930729,1.7276660083032613,0.7031892534179759
2018-07-12,-0.0006126661796451168,1.7266075257702513,0.7016296438570518
2018-07-13,-0.0009430332606024645,1.7249792774454435,0.6992376152889176
2018-07-16,-0.0030177163561419247,1.7197737792658907,0.691662903075805
2018-07-17,-0.0038587255404005424,1.7131376442601263,0.6821245224910967
2018-07-18,0.003249802596475501,1.7187050034245628,0.6902094943900623
2018-07-19,0.013055572396457054,1.7411436810249252,0.7242006442703248
2018-07-20,0.011711105773856303,1.7615343988408898,0.756214131628312
2018-07-23,-0.001900969077909747,1.758185776419019,0.7510009750515595
2018-07-24,0.0051291749267155665,1.7672038188199353,0.7652691137244673
2018-07-25,0.005000400088460073,1.7760405449518895,0.7794395710426284
2018-07-26,0.008582240048059013,1.7912829512437523,0.8044681009153687
2018-07-27,0.007150820026160128,1.8040920932440252,0.8258611608391773
2018-07-30,0.008017794417753694,1.8185569327583508,0.8504863865371906
2018-07-31,0.005495714390531279,1.8285512022637112,0.8676805392075118
2018-08-01,0.0024962006153397866,1.833115632899982,0.8755582239318265
2018-08-02,0.003359787179686431,1.8392745113022821,0.8862672964978278
2018-08-03,0.0035241036606241402,1.8457563053404553,0.897618457441858
2018-08-06,-0.0008128347218068066,1.8442560105274808,0.8950039128491811
2018-08-07,0.007680566014310164,1.8584209405636256,0.9202244124326286
2018-08-08,0.0018083444590732561,1.8617816057741197,0.9261995897869728
2018-08-09,-0.011234689773204683,1.8408650670077886,0.8901467050586431
2018-08-10,0.002600298840487568,1.8456518663070232,0.8985311050859732
2018-08-13,0.00016866489652208358,1.8459631629880695,0.8990755148718044
2018-08-14,0.0021167334883845164,1.8498705750334905,0.9059471837107891
2018-08-15,0.0011465820548350355,1.8519916034385913,0.9096824808236967
2018-08-16,0.009631302531486221,1.8698286948570806,0.9418877405563517
2018-08-17,0.0031312108484164588,1.8756835227510975,0.952458352809384
2018-08-20,0.005782001532508023,1.8865287277541445,0.9722789691522462
2018-08-21,0.013537219736122676,1.9120670816802605,1.0
2018-08-22,0.01575694152124025,1.9421954108709847,1.0
2018-08-23,0.010861847093414848,1.9632912404493972,1.0
2018-08-24,0.0140539986650228,1.990883332921724,1.0
2018-08-27,0.0220218508464258,2.034726268731961,1.0
2018-08-28,0.0196162954785292,2.0746400604373325,1.0
2018-08-29,0.0215125120075062,2.119270779648744,1.0
2018-08-30,0.0097570789190531,2.13994867189662,1.0
2018-08-31,0.0044667142660857,2.1495072111580718,1.0
2018-09-04,0.0059031998103407,2.162196181719306,1.0
2018-09-05,0.0090581637962643,2.1817817088929767,1.0
2018-09-06,0.0132125018931358,2.210608503852134,1.0
2018-09-07,0.016421356053714,2.246909693189258,1.0
2018-09-10,0.0057346907153262,2.259795025344967,1.0
2018-09-11,0.0020659970622216,2.2644637552285527,1.0
2018-09-12,0.0005084590574204,2.265615142335099,1.0
2018-09-13,-0.0091992417758171,2.2447732008698065,0.9685319080139945
2018-09-14,-0.012203670622693402,2.2173787281037423,0.9280770286969291
2018-09-17,-0.00017215711699635733,2.2169969905746227,0.9275073811547725
2018-09-18,0.0006683833047530758,2.218478794349811,0.9297228283032763
2018-09-19,0.01545628433330862,2.2527682333826973,0.9831018364558528
2018-09-20,0.025514374080266623,2.310246204805365,1.0
2018-09-21,0.012865224004818938,2.339968039736469,1.0
2018-09-24,0.0252637380332606,2.399084379298573,1.0
2018-09-25,0.0155072299585768,2.4362875324583855,1.0
2018-09-26,0.0164483197334394,2.476360368754853,1.0
2018-09-27,0.0100771032576832,2.50131490789403,1.0
2018-09-28,-0.008979871343113,2.478853421832531,0.9692655909810002
2018-10-01,0.004134946421709191,2.489103347919079,0.9835636267147603
2018-10-02,0.005883055222011904,2.5037468803681815,1.0
2018-10-03,0.003344087918952413,2.5121196300629354,1.0
2018-10-04,-0.0016089241629189,2.508077820089984,0.9943913553867345
2018-10-05,0.009785520282307603,2.5326206664680804,1.0
2018-10-08,0.00906039613866147,2.5555672129752423,1.0
2018-10-09,-0.0005599721396486,2.5541361665349767,0.9980428386793121
2018-10-10,0.007313019900426257,2.5728146151492455,1.0
2018-10-11,-0.0007321137639261644,2.5709310221574646,0.9974422860263323
2018-10-12,-0.012017683861687462,2.5400343859029713,0.9566961090596902
2018-10-15,-0.007536247619388867,2.520892057809044,0.9316513415798862
2018-10-16,-0.018294289577784957,2.4747741285091474,0.8737380920445834
2018-10-17,-0.025909936526504994,2.410652887922039,0.7976021268948561
2018-10-18,-0.00974008767946617,2.3871729174289196,0.7700832758489617
2018-10-19,-0.020101084455177217,2.3391881530065692,0.7168767821229174
2018-10-22,-0.02898873264872103,2.2713780530240064,0.6477769602422035
2018-10-23,-0.017209800755364563,2.2322880892913552,0.6102282808979229
2018-10-24,-0.007677752211821848,2.2151491344763747,0.5943113602143149
2018-10-25,-0.013081288891831865,2.186172128709798,0.5687160367850599
2018-10-26,-0.008495198656824736,2.167600162178395,0.5529695724239578
2018-10-29,-0.005697309015856665,2.1552506742316435,0.5428005355720648
2018-10-30,-0.004080001098053917,2.1464572491141967,0.5357133008501517
2018-10-31,0.0012973975743406567,2.149242057542623,0.537956824875973
2018-11-01,-0.0009292880677300323,2.1472447925438853,0.5363505163690844
2018-11-02,0.005363369214879256,2.1587612591610252,0.5457850333980592
2018-11-05,0.005969142162567058,2.171647212012,0.5566452040629355
2018-11-06,0.0067158048409860565,2.1862315708713442,0.5693234018792566
2018-11-07,0.004048150871876941,2.1950817661110924,0.5771817732851605
2018-11-08,-0.00019226511587312298,2.19465972846098,0.57680590508569
2018-11-09,-0.0008505951187933876,2.192792961608539,0.5751486164761973
2018-11-12,0.0008369144725029961,2.1946281417733116,0.5767814648266514
2018-11-13,0.005495209302094163,2.206688082752622,0.5877307396987449
2018-11-14,0.008105249528617292,2.2245738402951583,0.604514326616286
2018-11-15,0.011569332628047746,2.2503106750091866,0.6297976667930927
2018-11-16,-0.0008757703815958299,2.2483399195706246,0.6278555383469893
2018-11-19,-0.001091037975079531,2.245886895337486,0.6254479519401537
2018-11-20,0.00028886428854861843,2.246535651857668,0.6260850001806824
2018-11-21,0.0030000759150198976,2.25327542935904,0.6327716548994771
2018-11-23,0.000807476920180453,2.255094897263057,0.6345840355290351
2018-11-26,-0.001479931905007579,2.2517575103757776,0.6312750474532838
2018-11-27,-9.918047314475877e-05,2.2515341800004913,0.6310538240507904
2018-11-28,0.0017337173336401533,2.2554377038356415,0.6349430281486967
2018-11-29,-0.004068229930047659,2.2462620646635396,0.6259184421127664
2018-11-30,-0.004420208141880332,2.2363331187965168,0.6163141256264246
2018-12-03,-0.0072500843375607445,2.2201195150783617,0.6010456942523944
2018-12-04,-0.0009722225631400893,2.217961064792935,0.5990286003061559
2018-12-06,-0.0013550552397307023,2.2149556050305685,0.5962349181715271
2018-12-07,-0.010313640982218032,2.1921113481287318,0.5757619577189135
2018-12-10,-0.007523571454629143,2.175618841764582,0.5614844584234571
2018-12-11,-0.007544182588547286,2.159205575979226,0.5477511459650628
2018-12-12,-0.000989852038896193,2.157068281937447,0.5459839214824065
2018-12-13,-0.0015973800944910823,2.153622624001422,0.5431545985666283
2018-12-14,0.0012698142912640803,2.156357324787369,0.5454061759501867
2018-12-17,0.0038579813154861245,2.1646765110559105,0.5523629595120171
2018-12-18,0.005450018698664774,2.1764740385177257,0.5624697609103155
2018-12-19,0.004103640552400254,2.185405505643433,0.5702798533688898
2018-12-20,0.0022716746054719577,2.1903700358332623,0.5746738457799816
2018-12-21,-0.0013421004030716795,2.187430339325294,0.5720788966537227
2018-12-24,-0.0016227323346946485,2.1838807253837786,0.5689673046408639
2018-12-26,0.0034370700310623246,2.19138687637641,0.5756181056082336
2018-12-27,-0.0050000126485938495,2.1804299142765657,0.5660490716190496
2018-12-28,-0.0076751125296091955,2.163694869321567,0.5518924884765486
2018-12-31,-0.007206504290679315,2.1481021929620807,0.5391424584389839
2019-01-02,-0.0035161968984113645,2.140549042693717,0.5330970419756036
2019-01-03,-0.00609931995158322,2.127493149210273,0.5229236920277442
2019-01-04,-0.005540354129169051,2.1157060837562667,0.5140004305841794
2019-01-07,-0.004402328468768059,2.1063920506322007,0.5071211858512005
2019-01-08,-0.005655193942242395,2.094479995067478,0.4985669561898557
2019-01-09,-0.007771262577802372,2.0782032410618543,0.48732208423164547
2019-01-10,-0.007565892859777334,2.062479777999138,0.47691487976881786
2019-01-11,-0.007594472951258741,2.0468163311126055,0.466992709410922
2019-01-14,-0.0038037954601802637,2.0390306604444963,0.46221083382431133
2019-01-15,-0.0030929761277314204,2.032723987288029,0.45841575312121874
2019-01-16,0.0032732668777162733,2.039377635387158,0.4624410670440369
2019-01-17,0.0003887161184583573,2.0401703743456565,0.46292504719627825
2019-01-18,0.0012796063355846017,2.0427809892823414,0.46452812920576464
2019-01-22,0.001480594404994456,2.045805519385702,0.4664013892307356
2019-01-23,5.335956707362373e-05,2.045914682682533,0.4664692397338276
2019-01-24,0.005562695636071537,2.0572954833596655,0.4736963066827642
2019-01-25,0.005048552582834415,2.0676818477858343,0.4805021714200915
2019-01-28,0.0042440914617469586,2.0764572786616315,0.486407421063774
2019-01-29,-0.0015452182418157273,2.0732486989962924,0.4842427330328304
2019-01-30,-0.002009405646929761,2.0690827013530395,0.48146179669449213
2019-01-31,-0.0013551692551559494,2.0662787440897907,0.47960708406325336
2019-02-01,-0.0012399189730078041,2.0637167258714713,0.47792497537889417
2019-02-04,0.002746964614917914,2.0693856826926544,0.4816765137009105
2019-02-05,0.002493479271622333,2.07454565299744,0.4851429973635249
2019-02-06,0.002445926306156406,2.079619838783429,0.488600613320903
2019-02-07,0.00044992125086076645,2.0805555039426094,0.4892422943303564
2019-02-08,0.001048621408264529,2.0827372189851263,0.49074574070551147
2019-02-11,0.0014567574904306066,2.0857712620294815,0.4928522242132325
2019-02-12,0.0012036926586478987,2.088281889585205,0.49460798650157
2019-02-13,0.0002966609284393239,2.0889014012294123,0.4950426733841887
2019-02-14,0.001624108116313288,2.0922940029493273,0.4974390152847229
2019-02-15,-6.969440331133774e-05,2.09214818176724,0.49733574095627514
2019-02-19,-0.0016700775815683025,2.0886541319915515,0.49487691947463863
2019-02-20,-0.0015869678345131599,2.0853395050666577,0.4925651960852454
2019-02-21,-0.001001395361639365,2.0832512557588405,0.49111848615409287
2019-02-22,-5.118106705373236e-06,2.0832405934566194,0.49111111336383356
2019-02-25,-0.00039902681404823515,2.0824093245997166,0.49053717494902577
2019-02-26,-0.0010358696989142021,2.080252219879627,0.48905474244414426
2019-02-27,-0.006289686949318655,2.0671680846409592,0.48029016393326374
2019-02-28,-0.004843157001705738,2.0571564650581275,0.47378646357771836
2019-03-01,-0.0007932897657074979,2.055524543887938,0.4727401300662098
2019-03-04,-0.002355169229902742,2.050683435730863,0.46966904880811
2019-03-05,-0.0030743934409381488,2.0443788280266117,0.46573620835016816
2019-03-06,-0.0006845276825487216,2.042979394125211,0.46487144036629346
2019-03-07,-0.0019164569428305426,2.03906411208128,0.46247337072773775
2019-03-08,-0.0046945766910864205,2.0294915692290725,0.4567395092822104
2019-03-11,-0.005320917735057601,2.0186928115452116,0.4504709687387304
2019-03-12,-0.0047742042999312445,2.009055159644092,0.4450490138121387
2019-03-13,-0.0016698014098364107,2.0057004365060793,0.4431964645143953
2019-03-14,-0.000865729608581642,2.003964042252251,0.44224492882514954
2019-03-15,0.0031984084908167646,2.010373537860282,0.4457928431975654
2019-03-18,0.0026020989440080624,2.01560472872021,0.4487421317252571
2019-03-19,0.0020134725159974766,2.0196630934446027,0.45106332615107514
2019-03-20,0.0015461638382021576,2.022785823485038,0.4528691110936566
2019-03-21,0.0018990559104529342,2.026627206858708,0.45511531061163474
2019-03-22,0.00023645844696638273,2.0271064199806212,0.45539707868806
2019-03-25,-0.0021236444998708397,2.0228015665811765,0.4528849875362881
2019-03-26,-0.0035179517585420023,2.0156854482528406,0.4488091432205423
2019-03-27,-0.004699277793928163,2.006213182386322,0.44352720334910506
2019-03-28,-0.006652959507915444,1.9928659273196594,0.436359192791435
2019-03-29,-0.005188071954355823,1.982526795493341,0.4310126503438608
2019-04-01,-0.00494468329766267,1.9727238283604964,0.42611039691402136
2019-04-02,-0.003204059048415413,1.9664031047282133,0.42303251042017115
2019-04-03,-0.0017308267809707004,1.9629996015723659,0.42140169336652356
2019-04-04,0.001278659113059641,1.9655096089018487,0.4226040806922099
2019-04-05,0.003765098344229104,1.9729099458758912,0.42621485768504325
2019-04-08,0.0041759976932343006,1.981148813258828,0.4303457252029699
2019-04-09,0.005754937268057339,1.9925502003978188,0.43626155212609774
2019-04-10,0.0012120266417006474,1.9949652243256268,0.4375408161028336
2019-04-11,0.004103950395580244,2.003152462647167,0.4419615936430097
2019-04-12,0.0008817273488064075,2.004918696957312,0.4429290840302111
2019-04-15,-0.0038591374222654807,1.997181440185284,0.4387435145592948
2019-04-16,-0.000392347019083966,1.9963978520006576,0.4383245944118324
2019-04-17,0.0028996264401954294,2.0021866599974683,0.44145092349618
2019-04-18,0.008880356155136113,2.019966790627308,0.45146669628099334
2019-04-22,0.005367860702419571,2.030809690982909,0.45784522689398616
2019-04-23,0.0036041762656591294,2.0381290870712205,0.4622681230940464
2019-04-24,0.002343503614312379,2.0429054499532073,0.465204990580938
2019-04-25,5.015811156801399e-06,2.0429156967811557,0.4652113249459862
2019-04-26,-0.0010784010008731575,2.0407126144490473,0.46385501023151554
2019-04-29,0.0006981127607742271,2.0421372619662668,0.464732282963201
2019-04-30,-0.0010532519994724088,2.0399863768119038,0.46341103184164
2019-05-01,0.0021181374137061284,2.0443073482800798,0.46608054394770837
2019-05-02,0.0016308377502853564,2.0476412818768406,0.4681631022618069
2019-05-03,0.0004028674676676385,2.0484662099347624,0.4686810673901792
2019-05-06,0.005905020472794599,2.060562444842255,0.4764568397604568
2019-05-07,0.00023823732512966356,2.061053347727377,0.4767767042483619
2019-05-08,0.0028941284344681235,2.0670183008259904,0.48070838514729314
2019-05-09,0.00469432954280806,2.076721565901083,0.4872580267465075
2019-05-10,0.005544477636538517,2.088235902180539,0.49526897797406655
2019-05-13,0.0042194531789978805,2.097047115796492,0.501562334358683
2019-05-14,0.0031861813049265273,2.1037286881123927,0.50642816621238
2019-05-15,-0.00014125242110969217,2.1034315313418386,0.5062107057288817
2019-05-16,-0.0037189141164063054,2.0956090501270372,0.5005662208843887
2019-05-17,-0.001886179802646885,2.0916563546624434,0.49775203206946234
2019-05-20,0.0006565953156367313,2.0930297264268365,0.4987289889805094
2019-05-21,-0.0011167485684449659,2.0906923384761367,0.49707128872811823
2019-05-22,-0.0020607545798713134,2.08638393466452,0.49404525880257555
2019-05-23,-3.075491327187174e-05,2.0863197681075576,0.49400036417025617
2019-05-24,-0.005604403208223515,2.0746271909057956,0.48599009194468773
2019-05-28,-0.0007597367168232108,2.0730510204551447,0.4849247467932824
2019-05-29,-0.001792239636779875,2.069335616247218,0.48243412505355804
2019-05-30,-0.006430104394320727,2.0560295722078625,0.4737590394109725
2019-05-31,-0.00213363543987423,2.0516427546471703,0.4709595134720294
2019-06-03,0.002363601229307838,2.0564920199841548,0.474067927639397
2019-06-04,0.002143556328452359,2.0609002264680036,0.47693125694687444
2019-06-05,4.405053032981987e-05,2.0609910102159366,0.47699050067798754
2019-06-06,0.002390133236818537,2.065917053330238,0.48023481232018495
2019-06-07,0.0021450049398937707,2.0703484556150418,0.48319168289378367
2019-06-10,0.0013120100948963067,2.0730647736887615,0.48502104252485867
2019-06-11,0.0017387970439183722,2.076669412589103,0.4874710243545574
2019-06-12,-0.0010647785358744517,2.0744582195724712,0.485969103430668
2019-06-13,0.002169320295283524,2.0789583838899075,0.48904463895412553
2019-06-14,0.0026454969176369476,2.084458261886384,0.4928570394236297
2019-06-17,0.0021864651135849226,2.0890158571567223,0.4960582363556282
2019-06-18,-2.8230068469152435e-05,2.0889568840960417,0.4960166533088628
2019-06-19,0.0017441234045435477,2.0926002826886756,0.4986024605671596
2019-06-20,-0.0019191513079286078,2.088584266119182,0.4957637915872597
2019-06-21,-0.0019818175789322046,2.0844450731055053,0.4928696890441685
2019-06-24,-0.003210809169085599,2.077752317752323,0.48826298091555503
2019-06-25,0.004141134378408745,2.0863565693051855,0.4942427288127432
2019-06-26,8.35861617595624e-05,2.0865309598428756,0.4943649054293916
2019-06-27,0.0011443214067626123,2.088918621886097,0.49604515905282925
2019-06-28,0.0032153592699348636,2.095635245741118,0.5008393078440508
2019-07-01,-0.0005669164377041623,2.094447195672875,0.49998827985516303
2019-07-02,-0.002305293753382256,2.089618879635901,0.4965627394488761
2019-07-03,-0.0016645825250009888,2.086140536564947,0.49412033552128237
2019-07-05,-0.0002717485152059377,2.0855736309716244,0.4937238743416319
2019-07-08,-0.0018599153358199812,2.0816946405913987,0.491031368541091
2019-07-09,-0.0020642043866286315,2.0773975973826686,0.48808196112165275
2019-07-10,-0.0004894697169031351,2.0763807741687823,0.4873880412946374
2019-07-11,-0.0006602176453974376,2.075009910943112,0.4864557165332116
2019-07-12,-0.0012627796321654711,2.0723896306910317,0.48468440115888006
2019-07-15,2.3074017263815682e-05,2.0724374490451476,0.4847166497307116
2019-07-16,0.0005988525143856583,2.0736785334224153,0.48555557097462065
2019-07-17,0.0018229296109451782,2.0774587034245724,0.4881315200059947
2019-07-18,0.004741554512387506,2.0873090871140936,0.4949896573393715
2019-07-19,0.004657121847267717,2.0970299398656933,0.5019386187190937
2019-07-22,0.004123434027348048,2.105676904476103,0.5082681939128798
2019-07-23,0.0029638509847405782,2.1119178170429795,0.5129194720289166
2019-07-24,0.002454497791842115,2.1171015146614636,0.5168368886893179
2019-07-25,0.0013878847135176443,2.120039807490627,0.5190773966011514
2019-07-26,-0.007262997676307433,2.104641963295143,0.5076218639370537
2019-07-29,-0.00861363280163712,2.0865133502444024,0.494707503327695
2019-07-30,-0.007883196651735851,2.0700649551879535,0.4834997567372659
2019-07-31,-0.004220282890703924,2.061328695474928,0.4777284322723193
2019-08-01,-0.0037422030362589255,2.053614784971994,0.47274701763224786
2019-08-02,-0.0010398028994176027,2.051479430364293,0.47138429689222405
2019-08-05,0.0034146396506917667,2.0584844933697934,0.4759032823433489
2019-08-06,0.004323849053738626,2.0673850695985863,0.4817829942018137
2019-08-07,0.0010342606437575782,2.0695232846115643,0.48321364694764796
2019-08-08,0.002649728669325034,2.075006959790635,0.4869274193423915
2019-08-09,0.003579857250770694,2.0824351885010413,0.4920532875945688
2019-08-12,0.00662867198977425,2.0962389683055784,0.5018868519808031
2019-08-13,0.0031282968335959106,2.102796626032589,0.5066698780828456
2019-08-14,0.0039052745267418375,2.1110086241311525,0.5127798948308759
2019-08-15,0.004314118671198454,2.1201157658515775,0.5197093729977045
2019-08-16,-0.0007709516966290895,2.118481259004844,0.5184609888996758
2019-08-19,0.0019511881502404357,2.1226148145339208,0.521637279633738
2019-08-20,0.003547302383631235,2.130144371125048,0.5275165895968195
2019-08-21,0.004078166452171514,2.138831454437652,0.5344375273979338
2019-08-22,0.004531806118604785,2.1485242239095372,0.5423326355456725
2019-08-23,0.0020502234915676745,2.1529291787455986,0.5459684067179909
2019-08-26,0.000308313703797921,2.1535929563147125,0.5465182510571205
2019-08-27,-8.565610730556722e-05,2.1534084879253537,0.5463654369565296
2019-08-28,-0.0015424239046487348,2.150087019197104,0.543629507615347
2019-08-29,-0.0030929360836573537,2.143436937472426,0.5382227970173439
2019-08-30,-0.001781224621720561,2.1396189948242945,0.5351506222381881
2019-09-03,-0.00549024180772439,2.127871969166309,0.5259065380791156
2019-09-04,-0.009157024958327068,2.1083869924365284,0.5111891256430241
2019-09-05,-0.0026976390110876277,2.1026993254352617,0.506994439540695
2019-09-06,-0.006507054977964036,2.0890169453225265,0.49718780053890405
2019-09-09,-0.002897205849946601,2.0829646332079004,0.4929446281190965
2019-09-10,0.0012606150439189374,2.085590449760473,0.4947845880335878
2019-09-11,0.0017694602444638025,2.089280819147558,0.4973938029700977
2019-09-12,0.001254718160168522,2.091902277733034,0.4992619656768269
2019-09-13,0.0008596077215343624,2.0937004930836687,0.5005504498391804
2019-09-16,0.003005508436618953,2.099993127579385,0.5051173538225715
2019-09-17,0.005005052097398407,2.1105037025870983,0.5129298633431213
2019-09-18,0.0035837974504679864,2.118067320375633,0.5186740264528414
2019-09-19,0.0025289622567939733,2.1234238326862114,0.5228030633892846
2019-09-20,0.0029387351624614705,2.129664012968135,0.5276840260965321
2019-09-23,0.0031749645019077508,2.136425620610299,0.5330574954942543
2019-09-24,-0.005280844501637903,2.125143489118541,0.5242243241036274
2019-09-25,-0.001217587114821689,2.122555941789043,0.5222222369153025
2019-09-26,0.0016701585532957188,2.1261009467500704,0.5249772380853536
2019-09-27,0.0025847633295765318,2.131596414512208,0.5292993695081711
2019-09-30,-0.0008227464340451645,2.129842651163345,0.5279192058048481
2019-10-01,0.0012055458589310902,2.13241027415163,0.5299465122006184
2019-10-02,0.0018726909401896418,2.136403619552801,0.533126571550194
2019-10-03,-0.000438558495301032,2.1354666815960544,0.5323797568875973
2019-10-04,-0.0019340601020450987,2.1313365606879326,0.5291128336847569
2019-10-07,0.0005666330010404274,2.1325442463195423,0.5300675815846019
2019-10-08,0.0015770065485636979,2.13590728256109,0.5327437822875947
2019-10-09,0.00020614324568936886,2.136347585420809,0.5330951758905097
2019-10-10,-0.002790970923882449,2.130385101426593,0.5283836382968687
2019-10-11,8.381981672979497e-05,2.1305636699153587,0.5285242500847466
2019-10-14,-0.0004084104603296016,2.129693525426167,0.5278400110130522
2019-10-15,0.0027023339098358047,2.135448668457484,0.5324081935556324
2019-10-16,0.000923331606224846,2.1374203957065414,0.5339843873087098
2019-10-17,0.006837800132063636,2.152035649170579,0.545979522819767
2019-10-18,-0.011289605790922969,2.1277400150434302,0.5266677200653135
2019-10-21,-0.010244324053077654,2.1059427568286253,0.510221597419652
2019-10-22,-0.008636973539492328,2.087753784962211,0.4971343798622039
2019-10-23,-0.009172265047028312,2.068604353893601,0.48401446168128914
2019-10-24,-0.004490080210216197,2.0593161544214165,0.47786502175840745
2019-10-25,-0.0014443213351108886,2.056341840163847,0.47592427476826843
2019-10-28,-0.0036727638560231147,2.0487893821776653,0.47107902784017663
2019-10-29,-0.003053937838862743,2.0425325067595725,0.4671422705066468
2019-10-30,-0.0033971074279154022,2.0355938044091006,0.4628615101407021
2019-10-31,-0.0010748854863101185,2.0334057741727185,0.4615274628043674
2019-11-01,-0.0024673155698612583,2.0283887204462565,0.4585047651584402
2019-11-04,-0.0003152217203864915,2.027749328264185,0.4581222234436967
2019-11-05,-0.0004611347788545043,2.026814262526124,0.45756418762809337
2019-11-06,0.003456543112687561,2.0338200334059557,0.4617964112806665
2019-11-07,0.004073207864084511,2.042104205160158,0.4669210683503187
2019-11-08,0.0025580110200439047,2.0473279302210354,0.4702145463921151
2019-11-11,0.003043903411689154,2.0535597986926817,0.4742120584650684
2019-11-12,-0.0012844709180874674,2.0509220608527072,0.4725172567678022
2019-11-13,-0.00042985454517071366,2.0500404626830586,0.4719532845521503
2019-11-14,-0.0032444716875520687,2.043389164443547,0.46775438861420515
2019-11-15,-0.006210582228279034,2.030698528013396,0.45998524683568043
2019-11-18,-0.006839364562346293,2.0168098404640924,0.45181830204636664
2019-11-19,-0.0034922656753971536,2.0097666046844362,0.4477986909588721
2019-11-20,-0.00302426830377453,2.0036885312439043,0.44439988521671514
2019-11-21,-0.0010023089095827446,2.00168021637701,0.44328984890714196
2019-11-22,0.0010304808966207003,2.00374290960113,0.44443148751615924
2019-11-25,-0.0014542745472966767,2.000828917288371,0.4428233635851496
2019-11-26,-0.000682648079410074,1.9994630552707557,0.442074425203614
2019-11-27,-0.0016083106888704379,1.9962472974669623,0.44032516381578024
2019-11-29,-0.0010303838946257467,1.9941903964019623,0.439215460292809
2019-12-02,0.00035368816522622225,1.9948957179443774,0.4395954516368724
2019-12-03,0.0022475951023898525,1.9993794357898078,0.44203440561578555
2019-12-04,0.0036546952982720172,2.006686558413251,0.44608978848989933
2019-12-05,0.005134873696367444,2.0169906404389013,0.4519786123218349
2019-12-06,0.002956732399771277,2.0229543420155225,0.45547066785887275
2019-12-09,0.0052274609326760126,2.0335292568069963,0.4618344188081691
2019-12-10,0.003816159153530795,2.041289528094333,0.46663197724807304
2019-12-11,0.002891893777470644,2.047192720578645,0.47035414615541316
2019-12-12,0.0012165243555366904,2.0496831803837066,0.47194185772007813
2019-12-13,0.002072222597530471,2.0539305801878758,0.4746783335335142
2019-12-16,-0.0013160353869559433,2.0512275348619977,0.47293786509811275
2019-12-17,0.0017154650030492867,2.0547463439113445,0.47521209212705917
2019-12-18,-0.000316224059590094,2.0540965836810448,0.4747911255927978
2019-12-19,-0.0006180017894940623,2.052827148316536,0.4739711610336561
2019-12-20,-0.00040484377247234444,2.051996074029578,0.4734358731950341
2019-12-23,0.00033081989120594074,2.0526749151475436,0.4738732833997287
2019-12-24,-0.0004210724088907219,2.051810590376353,0.47331685743052726
2019-12-26,-5.5250500195909345e-05,2.051697226814927,0.4732439581175795
2019-12-27,-0.0003002547834931088,2.0510811949082965,0.47284831317974363
2019-12-30,-0.0031406583291280496,2.04463944966979,0.4687628285357064
2019-12-31,-0.003767186301312246,2.0369369119438714,0.46398003126355514
2020-01-02,0.002340064759782124,2.041703476229411,0.46694129215649194
2020-01-03,0.001967958672866023,2.0457214642928774,0.46946963155522287
2020-01-06,0.001272051091405576,2.048323726514243,0.4711222562139445
2020-01-07,0.0006842967937284425,2.0497253878728143,0.47201721288960374
2020-01-08,0.0029524579623283445,2.055777115914826,0.47593078826451174
2020-01-09,-0.0014220218398501906,2.052853755958131,0.4740386703065558
2020-01-10,0.0006442920258017872,2.054176393263232,0.474894269470301
2020-01-13,-0.0001314100597953455,2.0539064538205634,0.4747194980907195
2020-01-14,0.0021937112577204865,2.058412131530614,0.47766035114286565
2020-01-15,0.003581880923380253,2.065785118676998,0.48256115155895596
2020-01-16,0.0015773758004212694,2.069043638132069,0.48475595469304344
2020-01-17,0.0025410852734175306,2.074301254450985,0.48834269924021373
2020-01-21,0.002589293734786488,2.0796722296931947,0.4920610664284341
2020-01-22,0.002485029407598855,2.084840276342149,0.4956902964358235
2020-01-23,0.002635149827645761,2.090334142837021,0.4996045680697201
2020-01-24,-0.0006584550474295227,2.0889577517698554,0.49862173327386416
2020-01-27,0.012209415090470308,2.114462704067669,0.5176719088496567
2020-01-28,0.014232553652030123,2.1445569079485285,0.5418556513351211
2020-01-29,0.01026056636987679,2.166561276436512,0.5605766204468514
2020-01-30,0.003930567574719856,2.1750770919383173,0.5680105656931198
2020-01-31,0.0072129456842208875,2.1907658048614618,0.582118758260192
2020-02-03,0.0005430861324045757,2.191955579389428,0.5831976402961307
2020-02-04,-0.0023577265343978694,2.18678754755768,0.5785477995264426
2020-02-05,0.004228776693128994,2.1960349837716167,0.5869766075724787
2020-02-06,0.0033969964252241443,2.203494906761156,0.5938815206542669
2020-02-07,0.008731800653849792,2.2227353850287677,0.6122894974927775
2020-02-10,0.005463992271103903,2.234880393993274,0.6241956163810101
2020-02-11,0.016216779611601524,2.271122956800952,0.6618575481703076
2020-02-12,0.009026832735617179,2.291624003854014,0.6839239992012559
2020-02-13,0.004849033018010022,2.3027361643135666,0.6960879106887277
2020-02-14,0.0031019219554821076,2.3098790721793336,0.7039857971608592
2020-02-18,0.0023014375987692394,2.3151951147246574,0.709906232942513
2020-02-19,0.0010676335259356714,2.31766689464822,0.7126679000210088
2020-02-20,-0.010614836545176046,2.2930652393953634,0.6860787764194045
2020-02-21,-0.019435084298372197,2.2484993231660475,0.6407873554220145
2020-02-24,-0.008378323156115168,2.229660669220256,0.622239535919592
2020-02-25,-0.0021842565689808107,2.2247905182569134,0.6174965163263124
2020-02-26,-0.0018496681984673082,2.220675393987042,0.61351835885104
2020-02-27,0.008535694783348743,2.239630401363008,0.6323692044070309
2020-02-28,0.0008605213312707308,2.2415576510975432,0.6342993327746446
2020-03-02,-0.014854316775178901,2.2082608436783144,0.6025515685265104
2020-03-03,-0.009665401462926668,2.1869171160893024,0.5830159545661556
2020-03-04,-0.011697258821938243,2.161336180560279,0.5606961081457265
2020-03-05,-0.011839346158924603,2.1357473733528183,0.5395194036827538
2020-03-06,-0.005923585694520478,2.123096090764916,0.5294103549455255
2020-03-09,-0.004187473647416266,2.1142056818339054,0.5224689800317779
2020-03-10,-0.008599402082083893,2.096024777091589,0.5087962464725664
2020-03-11,-0.007549200685299316,2.0802014654079652,0.49737808354635094
2020-03-12,-0.006220755054183976,2.0672610416283077,0.4883720679514024
2020-03-13,-0.005330697774412138,2.056241097794571,0.48094098141798114
2020-03-16,0.014748601202717966,2.0865677777225824,0.5023528754546289
2020-03-17,0.014301606947890901,2.1164090499497052,0.5252085941357714
2020-03-18,0.005677777404764348,2.128425549432748,0.5348201607283309
2020-03-19,0.010650997370923648,2.151095404363963,0.5538244726749768
2020-03-20,0.020255444264217857,2.1946667974340723,0.5936562876410667
2020-03-23,0.03203080797078956,2.264963748182551,0.6669833440287625
2020-03-24,0.016529165274543865,2.3024017083171104,0.7087987734242549
2020-03-25,0.010103277393060958,2.3256635114464954,0.7356446099791139
2020-03-26,0.002888250901251904,2.3323806111794396,0.7434546556944237
2020-03-27,0.000513780539657309,2.3335789429485376,0.7448492451237863
2020-03-30,-0.004320657532334081,2.323496347511391,0.7332702222660867
2020-03-31,-0.003407057406791904,2.315580062070948,0.7242651552928573
2020-04-01,-0.004815384213713705,2.3044296543944616,0.7117615861928277
2020-04-02,-0.010097640393971371,2.2811603524311828,0.6864638760187165
2020-04-03,0.00993132856941446,2.3038153054106982,0.7119001788330428
2020-04-06,0.02055596382934026,2.351172449498201,0.768643652781922
2020-04-07,0.04735574145599706,2.462513964135101,0.9221430611615644
2020-04-08,0.10003563028933336,2.7088531006336405,1.0
2020-04-09,0.09115450485318809,2.9557772637419233,1.0
2020-04-13,0.0495480530486675,3.1022302724058535,1.0
2020-04-14,0.009956724750588,3.1331183253411403,1.0
2020-04-15,-0.0013982401967692,3.1287374733574143,0.9951232264268539
2020-04-16,-0.008073650325084355,3.1034771410385384,0.9675269553191677
2020-04-17,0.0015365549656492568,3.1082458042503798,0.9727978858724022
2020-04-20,-0.008995969027436036,3.0802841212656853,0.942633058015186
2020-04-21,0.001782768264862316,3.085775554043837,0.9486339239180008
2020-04-22,-0.020263485856864025,3.023246984747013,0.8838785085123282
2020-04-23,-0.0012456501578511454,3.01948107666324,0.8799268971101455
2020-04-24,-0.008181596513132229,2.9947769008149434,0.8545525318762714
2020-04-27,-0.012626098216220214,2.9569645535295863,0.8168369477212116
2020-04-28,0.011046746423689842,2.989629391136267,0.8507296300021994
2020-04-29,0.02558742550759854,3.0661263104772933,0.9355022377349043
2020-04-30,0.014823715714644477,3.1115776952490006,0.9868476716746506
2020-05-01,0.01688191327532114,3.1641070800496176,1.0
2020-05-04,0.01914229061326448,3.2246753373074153,1.0
2020-05-05,0.0100421999225904,3.257058171730103,1.0
2020-05-06,0.0101556647913033,3.2901357627279686,1.0
2020-05-07,0.0154173548304818,3.340860953222404,1.0
2020-05-08,0.0266391517525762,3.429858655139552,1.0
2020-05-11,0.0031485416787944,3.4406577080676324,1.0
2020-05-12,0.001758137036158,3.4467068558129283,1.0
2020-05-13,0.0264032578317195,3.5377111455973123,1.0
2020-05-14,0.0203462976792706,3.6096904696689083,1.0
2020-05-15,-0.0009338128277907,3.6063196944039775,0.996739273297484
2020-05-18,-0.009709039184500255,3.5713057951791742,0.9636485684298817
2020-05-19,-0.03352749133437824,3.4515688710788894,0.8587191523388957
2020-05-20,-0.024477967271876327,3.367081481215993,0.7876251260486649
2020-05-21,-0.004167940480473336,3.353047686009381,0.7758017006764931
2020-05-22,-0.006326488042527417,3.3318346699178183,0.7582320373240121
2020-05-26,0.005096910667273636,3.348816733588514,0.7725473705416519
2020-05-27,0.006311163407102885,3.369951663214632,0.7906712671220297
2020-05-28,0.003359806156249004,3.381274047558962,0.8004517169823326
2020-05-29,-0.034374161437405626,3.2650455875840603,0.7096095364418032
2020-06-01,-0.027383381920960317,3.1756375972698994,0.6447903810873841
2020-06-02,-0.018664770782384522,3.1163650494289343,0.6045088405086674
2020-06-03,0.012264844473757443,3.1545867820836335,0.6313770044276898
2020-06-04,0.02427297928973503,3.231158001712821,0.6902273620557519
2020-06-05,0.028434657013954614,3.3230348712494204,0.7680789403482411
2020-06-08,0.036167753397615736,3.443221577004447,0.8812200397142724
2020-06-09,0.04549367946022124,3.599866395739205,1.0
2020-06-10,0.023448435126556817,3.684277629383968,1.0
2020-06-11,-0.0033182338775945217,3.672052334539682,0.9884819942300573
2020-06-12,0.01297890357039146,3.7197115476951037,1.0
2020-06-15,0.01829909735695396,3.787778911446162,1.0
2020-06-16,0.0108379802256571,3.828830784387576,1.0
2020-06-17,0.010708011239157,3.869829947459629,1.0
2020-06-18,0.0093004978630048,3.90582129261617,1.0
2020-06-19,0.0087384300557339,3.9399520387918923,1.0
2020-06-22,0.0128286961100981,3.990496486185915,1.0
2020-06-23,0.0270682784264211,4.09851235613365,1.0
2020-06-24,0.0282444748715329,4.214272685387134,1.0
2020-06-25,0.0419789445734913,4.391183404864579,1.0
2020-06-26,0.0463396066752593,4.59466911668493,1.0
2020-06-29,0.026689730247519,4.717299595985858,1.0
2020-06-30,0.0233312569595345,4.827360125014912,1.0
2020-07-01,0.0340094421491884,4.991535949919905,1.0
2020-07-02,0.0221042569609034,5.101870143186521,1.0
2020-07-06,0.0150665638906864,5.178737795660826,1.0
2020-07-07,0.0030663413824419,5.194617573672477,1.0
2020-07-08,0.0060343565215984,5.225963748105377,1.0
2020-07-09,0.0167543054026114,5.31352114076411,1.0
2020-07-10,0.0091015460725576,5.361882398234284,1.0
2020-07-13,0.0144061709027705,5.439126592423804,1.0
2020-07-14,0.001370915221188,5.446583173859326,1.0
2020-07-15,0.0176742311366325,5.54284734377901,1.0
2020-07-16,0.0032212088154749,5.560702012505622,1.0
2020-07-17,-0.0106147860284697,5.501676350474795,0.9638169308432722
2020-07-20,-0.0026539198266951245,5.48707534252821,0.9548359772147792
2020-07-21,-0.004748387208692166,5.461020584158619,0.9389661805011902
2020-07-22,-0.012288797475352617,5.393911208191161,0.8992072782350584
2020-07-23,0.00913248552224068,5.443171024208219,0.929426654181158
2020-07-24,0.012029643681362837,5.508650432126164,0.9705841907348469
2020-07-27,0.016560265476811758,5.599875145701127,1.0
2020-07-28,0.0167851851903393,5.693870087064498,1.0
2020-07-29,0.0151658541291458,5.780222490235225,1.0
2020-07-30,0.0007940828633981,5.784812465861349,1.0
2020-07-31,-0.0068271255610951,5.745318824809526,0.9765082936885623
2020-08-03,-0.01935550948374135,5.634115251808807,0.913092366921497
2020-08-04,-0.03153447039027231,5.456446411225261,0.8182274959311093
2020-08-05,-0.009675157874882094,5.403654430760823,0.7902163862354442
2020-08-06,-0.0020936693355342426,5.392340965179315,0.7842219090667398
2020-08-07,0.007052179564883935,5.430368721940839,0.8048150377671306
2020-08-10,0.03135905015924147,5.600659927075358,0.9056344604228366
2020-08-11,0.07956721706500908,6.046288851200261,1.0
2020-08-12,0.03667247211607458,6.268021210501635,1.0
2020-08-13,0.0303906976741292,6.45851074812502,1.0
2020-08-14,0.0372811019387586,6.699291145698438,1.0
2020-08-17,0.0117045193674966,6.777703128661763,1.0
2020-08-18,0.001054857298313,6.78485263827283,1.0
2020-08-19,-0.002382456287132,6.768688023447513,0.9917108722268786
2020-08-20,-0.001963622689318462,6.7553968740677535,0.9849127535474265
2020-08-21,0.001288712996376039,6.764102641815043,0.9893886726075942
2020-08-24,0.028402488621071142,6.956219990130952,1.0
2020-08-25,0.03435720905156081,7.195216294540528,1.0
2020-08-26,0.014271073841399,7.297899757584752,1.0
2020-08-27,-0.0088112584920502,7.233596076371603,0.9698300627876357
2020-08-28,-0.01345220577275825,7.136288253475235,0.9253313794618985
2020-08-31,-0.017545373691168566,7.011079409300115,0.8699876063662753
2020-09-01,-0.0179145643713238,6.885478975909746,0.8164026456262694
2020-09-02,-0.007411824588620309,6.83444501353167,0.7948502801157002
2020-09-03,-0.005617459971459937,6.796052792241012,0.7788415665440939
2020-09-04,0.005681495888879432,6.8346645382407365,0.7952555469407683
2020-09-08,0.03018803683179812,7.040989643054132,0.8909552399812257
2020-09-09,0.01347791801772618,7.1358875242268756,0.9357567659866726
2020-09-10,0.016983353677347858,7.257078825852594,0.9949330708373807
2020-09-11,0.016594517333606947,7.377506546219556,1.0
2020-09-14,0.00702436367903564,7.429328835244669,1.0
2020-09-15,-0.0107743249740494,7.349282832034667,0.9632876187200614
2020-09-16,-0.004025949304030858,7.31969499193191,0.9497170354998163
2020-09-17,-0.00904078900433662,7.253519173933754,0.919956474669601
2020-09-18,-0.009201864976848833,7.186773269888232,0.8904301776142636
2020-09-21,7.579271006171789e-05,7.187317974910956,0.8906729570681773
2020-09-22,0.005871834497128475,7.229520716537869,0.9097846511945593
2020-09-23,0.01651836994201873,7.34894061423713,0.9660618330522044
2020-09-24,0.009352273337250496,7.417669915600697,0.9987587217885447
2020-09-25,0.005307718401479261,7.4570408187078305,1.0
2020-09-28,0.005957825544739583,7.501468566985695,1.0
2020-09-29,-0.0071195654002791,7.448061370924902,0.9755198266494671
2020-09-30,-0.0015991045450932907,7.4361511421345226,0.9700448797792356
2020-10-01,0.014214996242164258,7.5418560026761305,1.0
2020-10-02,0.011047426737973461,7.62517410433404,1.0
2020-10-05,-0.0024895530366446,7.6061908289876525,0.9913405714506607
2020-10-06,0.004177976822410235,7.6379693179779915,1.0
2020-10-07,0.022628148646523398,7.810802423062783,1.0
2020-10-08,0.0173141074033598,7.946039495122115,1.0
2020-10-09,0.0160794492804494,8.07380743416438,1.0
2020-10-12,0.0043294554430015,8.10876262370597,1.0
2020-10-13,-0.0026116576743943,8.087585311569926,0.9909186208188963
2020-10-14,-0.0023276977246198894,8.068759857642515,0.9828720933335755
2020-10-15,-0.0008425279439399538,8.06196170198951,0.9799659714016711
2020-10-16,0.002899132940945207,8.085334400728387,0.9900395109906224
2020-10-19,-0.002861527089451492,8.062197997313428,0.9801672341457506
2020-10-20,-0.010705030704193281,7.975891920208902,0.9442226662132163
2020-10-21,-0.003096315917248082,7.951196039102109,0.933918630795062
2020-10-22,-0.007372288994782015,7.892577524047682,0.9098626146550757
2020-10-23,-0.011023464590259553,7.805573975185464,0.87497477025567
2020-10-26,-0.01599642264150314,7.680712714918879,0.8266375161823787
2020-10-27,-0.0019870014519799994,7.665451127602094,0.8207020146143842
2020-10-28,0.0036024225906459593,7.69306532191166,0.831565425043205
2020-10-29,0.019058748905775788,7.839685522197706,0.8923592613399358
2020-10-30,0.025546260753383,8.03996017277229,0.9802581068517109
2020-11-02,0.008414202840313982,8.107610028494042,1.0
2020-11-03,-0.034426651926434716,7.828492160087807,0.8893068851664685
2020-11-04,0.0032893972997000234,7.854243181059923,0.8999249393498603
2020-11-05,0.00714292957521371,7.910345486968836,0.9234485680907252
2020-11-06,0.02331236240679341,8.094754327723997,1.0
2020-11-09,-0.005805805422045997,8.047757759157967,0.9799717872241369
2020-11-10,0.01297163425383003,8.152150329373187,1.0
2020-11-11,0.016130230238742712,8.283646391126819,1.0
2020-11-12,0.0071310364148243,8.342717375189473,1.0
2020-11-13,0.0134612004336344,8.455020365938061,1.0
2020-11-16,0.0064224170297085,8.509322032722794,1.0
2020-11-17,-0.0031597781276158,8.482434463082958,0.9890276800228555
2020-11-18,-0.031555852642132794,8.214764011119364,0.8877230590516632
2020-11-19,-0.006733975067993304,8.159445995079038,0.8666000382815482
2020-11-20,0.009433270023702535,8.236416252394436,0.8969176065157929
2020-11-23,0.0291903938884585,8.476840487031131,0.9987693859266364
2020-11-24,0.031643268395960704,8.745075425712002,1.0
2020-11-25,0.01428363770046556,8.869986914756117,1.0
2020-11-27,-0.002780951992508,8.845319906972005,0.9903340252916368
2020-11-30,-0.016436375769175154,8.699934905182449,0.9355065195515506
2020-12-01,-0.0015278207678680225,8.686642963955212,0.9304377790426988
2020-12-02,-0.00850838975324347,8.61273361997061,0.902838344075702
2020-12-03,-0.013471940613727315,8.496703384120513,0.8607471176081607
2020-12-04,-0.013322078910822743,8.383509631155405,0.8207740952191944
2020-12-07,-0.0013667502824192515,8.372051466999359,0.816710559337559
2020-12-08,-0.004814774379675167,8.331741928090729,0.8026007165292217
2020-12-09,-0.006008456864531961,8.281681016109383,0.7853377070811594
2020-12-10,0.009736637274138614,8.36231674018336,0.8140366085968527
2020-12-11,0.002979982294298741,8.387236296008423,0.8229405755193169
2020-12-14,-0.010264623653186259,8.301144471939553,0.7931136262888515
2020-12-15,-0.006851136757614085,8.244272195917583,0.773700171846039
2020-12-16,0.0039918966933236745,8.277182478835327,0.7851010416596196
2020-12-17,0.00043385421280848157,8.280773569323953,0.7863446820719391
2020-12-18,-0.00416510427639951,8.246283283918466,0.7745478845929559
2020-12-21,-0.004721291884632259,8.207350173571722,0.7613948796959631
2020-12-22,0.004813185047859597,8.246853668709706,0.774958269587888
2020-12-23,0.0039014760441954833,8.279028570738163,0.7861156181816252
2020-12-24,0.011365869326688588,8.373126927625094,0.8198112961168664
2020-12-28,0.01562044474343481,8.503918894127827,0.8685354864507362
2020-12-29,0.0154844488535709,8.635597391298864,0.9192420969448534
2020-12-30,0.009428409121851564,8.717017336515623,0.9510084340331864
2020-12-31,0.022251182557210796,8.910981280624803,1.0
2021-01-04,-0.009221222437669195,8.828811140098255,0.9684584381823202
2021-01-05,-0.009813082558473537,8.742173287487299,0.9357325686858917
2021-01-06,-0.008481837128647583,8.668023597512418,0.9080937100146429
2021-01-07,-0.025436615150484773,8.447538417147173,0.8307104454874934
2021-01-08,-0.016616782785038395,8.307167506201171,0.7828660148453876
2021-01-11,-0.012975314856430224,8.199379392243104,0.747207757259019
2021-01-12,-0.0039058383937249524,8.167353941408164,0.7366924382684948
2021-01-13,0.002952385516425849,8.191467118892302,0.7446894875303265
2021-01-14,0.019352937981653273,8.349996074022977,0.8004586991600156
2021-01-15,0.01674980548639845,8.489856884075053,0.8517691707200716
2021-01-19,0.016009024509490533,8.625771211014278,0.9034315652210629
2021-01-20,0.006808993502298393,8.684504031142387,0.925904543658091
2021-01-21,-0.007755728359601116,8.617149376938986,0.9007946183950126
2021-01-22,-0.0066309201573528315,8.56000974743652,0.8797356269234242
2021-01-25,0.0010909050716886306,8.569347905483705,0.8832049181935646
2021-01-26,0.0065249168132984585,8.625262187711199,0.9043351320897004
2021-01-27,0.005527888085939846,8.672941671796755,0.9225312992300503
2021-01-28,0.008451671754560328,8.74624252795323,0.9510108864520479
2021-01-29,0.011104422855982917,8.843364503384604,0.9895653002282581
2021-02-01,0.0030546069560072136,8.870377506111149,1.0
2021-02-02,-0.016596803629480784,8.723157592522858,0.9442560993778242
2021-02-03,-0.01108647484154592,8.626448525334514,0.9081161013026047
2021-02-04,0.0010283498650370101,8.63531953251129,0.9114715752408926
2021-02-05,0.008585886406023063,8.709461405097144,0.94014443856582
2021-02-08,-0.0060847172390524045,8.65646679514269,0.9201192576179558
2021-02-09,-0.004811631979302221,8.614815062683412,0.904498180151345
2021-02-10,-0.005947394297234171,8.563579360707882,0.8855118261203858
2021-02-11,0.005628577851852278,8.611780133830143,0.9037333815097437
2021-02-12,0.02573630426527055,8.833415527620007,0.9931928696302641
2021-02-16,0.015021310540903507,8.966105005397226,1.0
2021-02-17,-0.0012287036251280845,8.955088319673816,0.9957127202868574
2021-02-18,0.01653329770742108,9.103145460859233,1.0
2021-02-19,-0.0064212064319665516,9.044692284674836,0.9778827262750671
2021-02-22,0.0016606860243685274,9.059712678746708,0.9836260188096875
2021-02-23,0.010116311856916239,9.151363557538968,1.0
2021-02-24,-0.0037083095253928324,9.117427468888213,0.9871405025639006
2021-02-25,-0.01446215025164096,8.985569862924713,0.9387784537577313
2021-02-26,-0.021618280564269312,8.791317292598164,0.8705066340810332
2021-03-01,-0.01789541903797852,8.633992985751293,0.816948142286533
2021-03-02,-0.014132398438206555,8.511973956763976,0.7766066286195292
2021-03-03,-0.0017591429837755556,8.497000177499855,0.771649604699604
2021-03-04,0.006645232049955355,8.553464715407852,0.7907302909873597
2021-03-05,0.01502944076860702,8.682018506714446,0.8360239454444383
2021-03-08,0.025880121968101584,8.90671020459753,0.9206067099968793
2021-03-09,-0.009512666780575314,8.821983638310044,0.8900907152250288
2021-03-10,-0.006846777767625437,8.761581476868908,0.8685726056538541
2021-03-11,-0.015912123047733456,8.622166114316228,0.820786093699019
2021-03-12,-0.017552836583103106,8.470822641519266,0.7709429401997783
2021-03-15,-0.016452331461394975,8.331457859670302,0.7268755273136249
2021-03-16,-0.01281851150887107,8.224660971210444,0.694271256610905
2021-03-17,-0.017185395366289494,8.083316920666501,0.6533583690863018
2021-03-18,-0.011789428907019693,7.988019230497394,0.626880958672228
2021-03-19,-0.010739840619383038,7.9022291770972855,0.6039858115691068
2021-03-22,-0.01003840145669309,7.822903428214789,0.5836504509542009
2021-03-23,-0.0009228493672710803,7.815684066735838,0.5818190399191563
2021-03-24,-0.0013067177170219618,7.805471173895189,0.5792420431176148
2021-03-25,-0.004124886902544554,7.7732744880818,0.571243629200193
2021-03-26,-0.0008748934370951089,7.766473701247438,0.5695655627392906
2021-03-29,0.0038778941729676756,7.796591264358011,0.5770940689950679
2021-03-30,-0.006044226302214749,7.749466902370361,0.5655213790880965
2021-03-31,-0.002237129742752191,7.732130339472595,0.5613213216017361
2021-04-01,-0.003704116756593943,7.703489625917985,0.5544891651975259
2021-04-05,-0.003324107585514237,7.677882397617541,0.5484768123731788
2021-04-06,-0.0044745352127688225,7.643527442469903,0.5405693917447523
2021-04-07,-0.0004134885527793324,7.640366931369587,0.5398469462809312
2021-04-08,-0.003198885807652467,7.615926270027572,0.534327570714893
2021-04-09,-0.0017128935893362558,7.602880998742784,0.5314120075764102
2021-04-12,0.0005589165108733131,7.607130374463186,0.5323614937046892
2021-04-13,-0.0007308088299497177,7.60157101641495,0.5311216859461501
2021-04-14,-0.003480643444841612,7.575112658086168,0.5253014939010924
2021-04-15,-0.0009940096659181996,7.56758292288361,0.523659163557301
2021-04-16,0.00014398095969797616,7.568672510735441,0.5238966031241138
2021-04-19,-0.0003109604027234863,7.56631895328342,0.5233842037480947
2021-04-20,0.004910117850350459,7.603470471037383,0.5316170046317091
2021-04-21,0.0012372806791145078,7.612878098145416,0.5337256607377597
2021-04-22,0.004418090055662509,7.646512479165803,0.5414004002733409
2021-04-23,-0.0022681893725184257,7.629168740823729,0.5374530124705722
2021-04-26,-0.0010220733031137286,7.621371171128783,0.5356899611993503
2021-04-27,0.0037654213651306177,7.650068844968142,0.542259900998023
2021-04-28,0.005717100114841342,7.6938050544402525,0.5525324260070854
2021-04-29,0.006073946047819688,7.740536811243365,0.5638277796673702
2021-04-30,0.008508465743927015,7.806396903541434,0.5803458828550202
2021-05-03,0.0056130848020216235,7.850214871359252,0.5916439089950101
2021-05-04,0.002283322662512075,7.868139444880615,0.5963232769527547
2021-05-05,-0.00789260673697225,7.806039314490514,0.5805217725409475
2021-05-06,-0.00790903252760909,7.744301095640413,0.5653340227763002
2021-05-07,-0.006222050205517603,7.696115665416693,0.5538228111678873
2021-05-10,-0.002557595928056068,7.676432111328975,0.5491937803473879
2021-05-11,-0.0012355468108764343,7.666947520114912,0.5469796007107249
2021-05-12,-0.00206067239478012,7.651148453007983,0.543323944589408
2021-05-13,0.0033172347721644865,7.676529108703293,0.5492532245423388
2021-05-14,-0.0008799040179012866,7.6697744998970085,0.5476740546611079
2021-05-17,-0.00022284256459239606,7.668065347677606,0.547275199649482
2021-05-18,-0.0011795579280541129,7.659020420403916,0.5451739675612806
2021-05-19,0.003324791130034006,7.684485063562424,0.5511531379522849
2021-05-20,0.004052486283891447,7.71562633388128,0.5586019175778303
2021-05-21,0.0033541353899890092,7.741505589223683,0.5648949230878899
2021-05-24,0.005032257526199925,7.780462838989172,0.5745732694728991
2021-05-25,0.008053202215018653,7.84312047955799,0.5906677848801007
2021-05-26,0.0041353482443602695,7.8755545140634355,0.5991764064661216
2021-05-27,0.00571738837011301,7.920582117850333,0.6112612419498354
2021-05-28,0.010064436479145306,8.000298313453293,0.6334902672574666
2021-06-01,0.005646687221934816,8.045473495711535,0.6463925260659739
2021-06-02,0.005205122990802794,8.087351174775957,0.6585866806935857
2021-06-03,0.001969855182674316,8.103282085401696,0.6632621884765395
2021-06-04,0.0010241311881729427,8.11158090931192,0.6657069818374843
2021-06-07,-0.006197335856490116,8.061310718089821,0.6511907432120296
2021-06-08,-0.005350131744578457,8.018181643714058,0.6389717724739792
2021-06-09,-0.002209273243350321,8.00046728954828,0.6339984659727536
2021-06-10,-0.01072450336402498,7.914666251187747,0.6107767268412438
2021-06-11,-0.011576729742445276,7.823040298996093,0.5870610825899376
2021-06-14,-0.0029446094083997437,7.800004500929379,0.5812058141427148
2021-06-15,-0.0065648223412220034,7.748798857120046,0.5685164236753454
2021-06-16,-0.008286561400958197,7.684587959606846,0.5531543276339889
2021-06-17,0.0020701906241496946,7.700496521551277,0.5569561489271253
2021-06-18,0.0027598904969478267,7.721749048722887,0.5620973257768046
2021-06-21,0.0016548581744798378,7.734527448257447,0.5652158806511535
2021-06-22,0.004313890053295014,7.767893349283423,0.5734990543283338
2021-06-23,0.0014126045079543039,7.778866310445928,0.5762480022549354
2021-06-24,-0.001195534533053603,7.769566407143783,0.5739250665599988
2021-06-25,-0.0016556714250763782,7.756702558058241,0.5707340828912595
2021-06-28,-0.004616460304126281,7.72089404860805,0.5620086870523295
2021-06-29,-0.0027149669022431444,7.699932076810353,0.556972940727402
2021-06-30,-0.006818737182481158,7.647428263655627,0.5446984522861598
2021-07-01,-0.003454341095503261,7.621011437929568,0.53864650954179
2021-07-02,-0.002093868849333684,7.605054039479271,0.5350339835349367
2021-07-06,-0.002176105577976565,7.588504638963148,0.5313271036202751
2021-07-07,-0.0031759344137745737,7.564404045931176,0.5260066337577006
2021-07-08,-0.0023914140592272586,7.54631442374606,0.5220654804003404
2021-07-09,-0.005862071232311772,7.502077391052639,0.51266558130006
2021-07-12,-0.007924641426679643,7.442626117773347,0.500506765368408
2021-07-13,-0.007204751446295895,7.38900384648708,0.48997080619472266
2021-07-14,-0.002181560658836967,7.372884286387588,0.4868703690035853
2021-07-15,-0.0007504544077930594,7.3673512728767205,0.4858135763034359
2021-07-16,0.003336792312107919,7.391934593964654,0.4905617546457295
2021-07-19,0.004801441263256737,7.4274265337394105,0.4975871536279021
2021-07-20,0.002683282655604272,7.447356418533168,0.5016072755653664
2021-07-21,0.0032509003397059983,7.47156703204409,0.5065741071836195
2021-07-22,0.0018819654448160425,7.485628263017024,0.5094951679159326
2021-07-23,-0.00022032886949953858,7.48397896300434,0.5091517657553764
2021-07-26,-0.005022568717261176,7.4463901643841135,0.5014726921385979
2021-07-27,-0.0027836230058348533,7.425662221412111,0.497317202814633
2021-07-28,-0.005343316515861224,7.3859845578232335,0.48955824261037717
2021-07-29,-0.003650622906633662,7.359021113408401,0.4844084490312214
2021-07-30,-0.0001875532377084469,7.357640905172216,0.4841468798537152
2021-08-02,0.0003908552143870547,7.36051667748559,0.48469248521309694
2021-08-03,0.0008563042782034953,7.366819519406309,0.4858930958837978
2021-08-04,0.0014910542686927583,7.377803847097408,0.488000833265975
2021-08-05,-0.0025430137358854565,7.359041990573571,0.4844247718982446
2021-08-06,-0.0008744911031432773,7.352606573825157,0.48320823988332345
2021-08-09,0.001996581267595808,7.367286650378458,0.48599957604648913
2021-08-10,0.0012006006462852543,7.3761318194922705,0.4876957289007281
2021-08-11,-0.0016068676160795835,7.364279352139595,0.4854313879553228
2021-08-12,0.002841768470801395,7.385206929012678,0.48946018796157637
2021-08-13,0.004085694003955433,7.415380624680515,0.49539174414382603
2021-08-16,0.0006644174022863616,7.42030753261213,0.49637007218231577
2021-08-17,-9.966329068051306e-05,7.419568000345568,0.4962231032606079
2021-08-18,0.0014914184952536525,7.430633681288076,0.4984341812608172
2021-08-19,-0.0029540662635999353,7.4086830970130135,0.4940848287626022
2021-08-20,-0.002139501669484015,7.392832207158276,0.4909857702306266
2021-08-23,0.0002622404675816657,7.394770906933033,0.4913636852433362
2021-08-24,0.0016253536023381504,7.4067900244650815,0.4937221632723535
2021-08-25,0.0022167295536184317,7.4232088748097595,0.4969807991353855
2021-08-26,0.001049230291857693,7.430997530423997,0.49853895824217087
2021-08-27,0.0017306411489591326,7.443857920527962,0.5011333554255608
2021-08-30,0.0010245172996751096,7.451484281743865,0.5026824672666821
2021-08-31,0.0007694148586938923,7.457217564469563,0.5038524677896339
2021-09-01,-0.0016341145674591243,7.445031616614751,0.5013775424922506
2021-09-02,-0.000638938344051345,7.440274700442221,0.500416433502016
2021-09-03,-0.006152838388434655,7.394495892644842,0.49138706208779487
2021-09-07,-0.0034793673428402537,7.3687677251192065,0.4864338502209664
2021-09-08,-0.004105124946894059,7.338518012902952,0.4807374609019957
2021-09-09,-0.0017181200137143656,7.32590955823398,0.47839765529899736
2021-09-10,-0.005486065417675599,7.285719139153533,0.4711181223291996
2021-09-13,-0.003466840118122313,7.2604607157525445,0.46665516692175235
2021-09-14,-0.0028662073568942468,7.239650729834612,0.46304584768110646
2021-09-15,-0.003012691494603609,7.217839895656939,0.4593304128082306
2021-09-16,-0.0025253159311989064,7.199612569579594,0.4562767288441333
2021-09-17,-0.0018419785951453993,7.18635103733309,0.4540838149538481
2021-09-20,-0.006128918257578795,7.142306479255009,0.44700100176277735
2021-09-21,-0.00833805749157628,7.0827535172085225,0.43786623445741757
2021-09-22,-0.00633202789524972,7.037905324362381,0.4312986815146426
2021-09-23,-0.0035706533873996033,7.012775403875748,0.4277322208178139
2021-09-24,-0.0031123625465408465,6.990949104361423,0.4247026574105137
2021-09-27,-0.004046299559222773,6.962661630081897,0.4208719156112092
2021-09-28,0.0013824179868170017,6.972286938755442,0.4221666019535301
2021-09-29,0.00014263253794411906,6.973281413736791,0.42230099732373033
2021-09-30,-0.0019911559808994794,6.959396522743333,0.4204380979782005
2021-10-01,-0.0019113195697821926,6.946094891975539,0.4186771234300165
2021-10-04,0.0011992421746188035,6.954424941918901,0.41977860181378324
2021-10-05,-0.00066325663402416,6.94981237344035,0.4191680154559245
2021-10-06,0.00033385749731119,6.95213262040613,0.41947493212552134
2021-10-07,-0.0013005094329491887,6.9430913063541775,0.41828373100571303
2021-10-08,-0.001317874192206123,6.933941185507403,0.4170890503653462
2021-10-11,0.0019010389974292584,6.947122878106933,0.41881575128084414
2021-10-12,0.00186675471740337,6.96009145251202,0.4205368099047566
2021-10-13,-0.0005037394109026485,6.9565853801439035,0.42006978379832244
2021-10-14,-0.0005030347271882909,6.953085976115041,0.41960525726564213
2021-10-15,-0.0020337085468738214,6.938945425738267,0.41774565033382727
2021-10-18,-0.004248526625037541,6.909465131347336,0.4139551501125827
2021-10-19,-0.0029481852580865698,6.889094748105834,0.41139955888605084
2021-10-20,0.0013187506260880764,6.898179746118079,0.4125344467921664
2021-10-21,0.0026367722515383126,6.916368675058767,0.41483941938071467
2021-10-22,0.007141372218508402,6.965761038167793,0.4213273449275099
2021-10-25,0.005934869696410884,7.007101922265655,0.42700617063032265
2021-10-26,0.0068035028519592535,7.054774760177759,0.4338481062149253
2021-10-27,0.004591535257711449,7.087167007224329,0.43867225966062295
2021-10-28,0.010059457805110241,7.158460064691272,0.44985165054475973
2021-10-29,0.007127023574162028,7.209478578327024,0.4582917809304477
2021-11-01,0.007629295122622722,7.2644818180813076,0.4678260122206921
2021-11-02,0.009454774191999695,7.333165853293154,0.4803888716347169
2021-11-03,0.005831276350435523,7.375927569907284,0.48854724443598474
2021-11-04,-0.002053964976566733,7.360777673009001,0.48564612002711316
2021-11-05,-0.0010579192926664577,7.352990564299697,0.48416675581085855
2021-11-08,-0.0028231456903901383,7.3322320006766155,0.48027304852482927
2021-11-09,0.0010245534913630415,7.339744264572393,0.4816796530121467
2021-11-10,0.0015458088206115417,7.351090105997602,0.4838209754194206
2021-11-11,0.003214045715671557,7.374716845658299,0.48834869834796757
2021-11-12,0.006951939640645882,7.42598543203617,0.49849913822659553
2021-11-15,0.010554007495066162,7.504359337944131,0.5148543073911435
2021-11-16,0.0032739028267628964,7.528927881193672,0.5201356620373313
2021-11-17,0.003498856013216035,7.555270515783857,0.5259008644746868
2021-11-18,0.00252050672382584,7.574313625919213,0.5301288667250992
2021-11-19,0.001971051731484245,7.589242989906386,0.5334793475767923
2021-11-22,-0.0012071575251259962,7.580081578121111,0.5314269208389153
2021-11-23,0.003535742127617066,7.606882791887647,0.5374997717432837
2021-11-24,0.0030979184402230133,7.630448294361251,0.5429254478262663
2021-11-26,-0.005172424566319799,7.590980376151464,0.5339722354831835
2021-11-29,-0.008480131097045207,7.526607867406601,0.5199060105265687
2021-11-30,-0.005461828147400902,7.48549882870195,0.5112066774585284
2021-12-01,-0.0053551984943900595,7.445412496644727,0.5029605186346268
2021-12-02,-0.007356815713082492,7.390637968999031,0.4920941492693295
2021-12-03,-0.003554075454148135,7.364371084002917,0.48701953015758553
2021-12-06,-0.0016123408289298099,7.352497207824789,0.48475479210176287
2021-12-07,-0.0026028130415758867,7.333360032204113,0.48115174198637467
2021-12-08,0.0036651240797930563,7.360237706643937,0.48625659011552147
2021-12-09,0.003354577850998411,7.384928197032728,0.49104050421188555
2021-12-10,0.001125609444967012,7.393240741961711,0.49266832362881985
2021-12-13,0.001757866794429395,7.406237074365228,0.4952356449225761
2021-12-14,0.003867445892618497,7.43488029551824,0.5009954550160713
2021-12-15,-0.00023086935211214996,7.433163809521382,0.5006482151921037
2021-12-16,0.00515902567952769,7.471511692494839,0.5085545566182117
2021-12-17,0.004716480297199757,7.506750930182788,0.5160137481103179
2021-12-20,0.008078015698093997,7.567390582038486,0.5293408995666342
2021-12-21,0.006944953182392903,7.6199457553436245,0.5413309723177904
2021-12-22,-0.0011113687907362219,7.611477185444032,0.5393891485127198
2021-12-23,0.002426802446843469,7.629948736901762,0.5436563285577003
2021-12-27,0.005222673433268922,7.669797467467182,0.5530668235087048
2021-12-28,0.0027610881590472824,7.690974454436896,0.5581487243820352
2021-12-29,0.005882454940138979,7.7362162651108815,0.5692710919791389
2021-12-30,0.00016180748093711788,7.737468042776723,0.569580832876864
2021-12-31,0.0046079074215840295,7.773121579195304,0.5785503117232846
2022-01-03,-0.004107330216039963,7.741194802060123,0.5706005837179863
2022-01-04,-0.003069120127304443,7.717436145283736,0.564770196593473
2022-01-05,-0.00045748472197244274,7.713905536154471,0.5639077512364017
2022-01-06,-0.0016974079596073696,7.700811891497743,0.560730025331255
2022-01-07,0.0019662996728558994,7.715953995400721,0.5644244822927209
2022-01-10,-0.0031378388351961297,7.6917425753033655,0.5585711954579757
2022-01-11,-0.0023423000264564393,7.673726206465736,0.5542658590061362
2022-01-12,-0.0045149270465052,7.639079892468688,0.5461400651626168
2022-01-13,-0.007715466513759451,7.5801408273624125,0.5327651349464511
2022-01-14,-0.001511302436504295,7.568684942060973,0.5302048891711941
2022-01-18,-0.0016592170486509703,7.556126850969237,0.5274210212401439
2022-01-19,0.002612072708335164,7.575864003697372,0.5318284556894974
2022-01-20,-0.0037065320304547405,7.547783821109299,0.5256200514759434
2022-01-21,-0.002116174286675385,7.531811395065683,0.5221339415546562
2022-01-24,-0.0011597276797147523,7.523076544912434,0.5202414182728237
2022-01-25,0.003329472385200048,7.548124420520465,0.5257262732297876
2022-01-26,-0.0020144405651559253,7.532919172496925,0.5224052186351852
2022-01-27,0.009806975755796995,7.606794328191981,0.5390900550268364
2022-01-28,0.015406444729508216,7.723987984578007,0.567476856487587
2022-01-31,0.013478450155306097,7.828095371628324,0.5944003708377352
2022-02-01,0.015253076603551364,7.947497909991678,0.6273470126909562
2022-02-02,0.022479427849248307,8.126153115841388,0.6810568529744163
2022-02-03,0.003944002504257163,8.158202684080244,0.6908726908281713
2022-02-04,0.0034145218312663563,8.186059045248932,0.6994999645906103
2022-02-07,0.00028938058416489907,8.188427931797454,0.7002343016897172
2022-02-08,0.004231371272830827,8.223076210517707,0.7111203496506572
2022-02-09,-0.0016525822857940053,8.209486900437472,0.7068738549167306
2022-02-10,-0.004645145563831585,8.171352638780572,0.6951287745742625
2022-02-11,-0.004993115953714541,8.130552127556449,0.6827585672070531
2022-02-14,-0.007530532112363411,8.06932474366864,0.6646415665815626
2022-02-15,-0.00980489882281428,7.990205830988536,0.6419877475522326
2022-02-16,-0.005502076119418992,7.946243110296612,0.6296600721396979
2022-02-17,-0.008543853988346157,7.878351569406337,0.6111996813001407
2022-02-18,-0.0044860831702984005,7.843008629021129,0.6017762190724486
2022-02-22,0.009215620567900156,7.915286820656954,0.6216200129253847
2022-02-23,0.009945639467770292,7.994009409659203,0.6440976573038537
2022-02-24,0.014404284949472199,8.109157399084696,0.6787443743844547
2022-02-25,0.018199519970824456,8.256740171115897,0.7260086693480892
2022-02-28,0.021785490103791938,8.436617302403324,0.7876478463141046
2022-03-01,0.011866559196571543,8.536730921041114,0.8229451144847368
2022-03-02,0.004819447392091493,8.577873246615512,0.8375654336101277
2022-03-03,0.0030649003223099753,8.604163573093798,0.8469628088110779
2022-03-04,0.00219209981257704,8.623024758449759,0.8537333475902085
2022-03-07,-0.003238731693022416,8.59509709487485,0.84381244007559
2022-03-08,-0.005160557567976183,8.550741601514403,0.8282500083519675
2022-03-09,-0.010572715758049904,8.46033704104106,0.7973716638191248
2022-03-10,-0.01436113430568375,8.338837004523318,0.7573457178135101
2022-03-11,-0.005494674395058047,8.293017810350001,0.7424165371454596
2022-03-14,0.005112608115212593,8.3354167605068,0.7564706216245116
2022-03-15,0.008684069424959603,8.407802098341014,0.7810709238763833
2022-03-16,0.009044650014113554,8.483847725708436,0.8075374769466239
2022-03-17,0.014697164451019862,8.608536230910584,0.8526467308021686
2022-03-18,0.006498591377584016,8.664479590234398,0.8730803033892878
2022-03-21,0.0037140135115233466,8.696659584502848,0.884902072201154
2022-03-22,0.007862376509306181,8.765035996529477,0.9104970661900089
2022-03-23,0.004924719383553589,8.80820133919913,0.9267687476882303
2022-03-24,0.002839205069767644,8.833209629096919,0.9362279319688636
2022-03-25,0.008422283494616543,8.90760542476055,0.9649271151485757
2022-03-28,0.0009216839889377763,8.915815422060328,0.9680775499320695
2022-03-29,0.0056033732434834175,8.965774063640138,0.9875089287200645
2022-03-30,0.01199708393391172,9.073337207614117,1.0
2022-03-31,0.018801018513106976,9.243925188430131,1.0
2022-04-01,0.022336779295655154,9.450404705189642,1.0
2022-04-04,0.0362350518519149,9.79284060970377,1.0
2022-04-05,0.0406179476886374,10.190605697311883,1.0
2022-04-06,0.0102354316427197,10.294910945324629,1.0
2022-04-07,0.0043046297385767,10.339226725135871,1.0
2022-04-08,0.0012016798668462,10.351651165730225,1.0
2022-04-11,-0.003699583622478,10.313354366611884,0.987170482824479
2022-04-12,0.0015522353343268018,10.329363119675174,0.9925741952875817
2022-04-13,-0.013312577805008545,10.191852669468313,0.9477452872859977
2022-04-14,-0.02433050698024952,9.943879726952138,0.8708516116908651
2022-04-18,-0.016836838308236277,9.776456231832897,0.8202989911765926
2022-04-19,-0.010978749439164765,9.669122968460643,0.7885564920588566
2022-04-20,0.0008086458429072192,9.676941864553648,0.7908868740622994
2022-04-21,0.002055035230420293,9.696828321008034,0.7968477226320058
2022-04-22,0.006867183597460447,9.763418221401452,0.8171945301743233
2022-04-25,0.00837524825782363,9.845189272850648,0.8427023817515575
2022-04-26,0.009222378143747424,9.935985331221643,0.8716316002523505
2022-04-27,0.029162862700603937,10.225747107231275,0.9711586772803862
2022-04-28,0.0030010803754712276,10.256435396199318,0.9815206818425393
2022-04-29,0.006360836209468904,10.321674901847542,1.0
2022-05-02,0.004420475702688295,10.367301614962207,1.0
2022-05-03,-0.0002378289231066128,10.364835970783599,0.9991680934957277
2022-05-04,-0.007576207392749458,10.286309823877113,0.9731630882008815
2022-05-05,0.01017062443932444,10.3909280179623,1.0
2022-05-06,0.0002040467245891949,10.393048252789807,1.0
2022-05-09,0.0146525238719959,10.545332640416616,1.0
2022-05-10,0.0045290178115518,10.5930926397738,1.0
2022-05-11,-0.0118493323926962,10.467571564018497,0.959731987551151
2022-05-12,-0.00858955707750265,10.377659760606516,0.931194564617499
2022-05-13,0.002023124655931315,10.398655059939065,0.9379452262234953
2022-05-16,0.0014970943302134467,10.414222827471146,0.942961581589044
2022-05-17,0.017361356883589297,10.595027866644095,1.0
2022-05-18,0.012178208179977836,10.724056321676754,1.0
2022-05-19,0.0093529610876373,10.824358003155027,1.0
2022-05-20,0.0067206961902791,10.897105224749048,1.0
2022-05-23,-0.0068613177938482,10.822336722769041,0.9763926469292104
2022-05-24,-0.019134765334307552,10.615253849209996,0.913671043590109
2022-05-25,-0.025829661779797123,10.341065432578212,0.8347658528872375
2022-05-26,-0.007343201733485046,10.265128902967621,0.8129682334393311
2022-05-27,-0.005693919213746309,10.206680088275432,0.7963949423725808
2022-05-31,0.0012132885010416132,10.219063735860347,0.7999287621598488
2022-06-01,0.0012797559436859571,10.23214164341522,0.803672507784015
2022-06-02,0.007767377505849955,10.311618550252955,0.8269308444966059
2022-06-03,0.01702778785050961,10.487202603322043,0.8806678101834009
2022-06-06,0.010999564581101,10.602557265632374,0.916645662193998
2022-06-07,0.019295914737905786,10.80714330663378,0.983262083843389
2022-06-08,0.012233327774150616,10.939350633006049,1.0
2022-06-09,0.017395295949477012,11.129643874762287,1.0
2022-06-10,-0.0146519498845027,10.966572890476908,0.9505515786729988
2022-06-13,-0.017989101891699943,10.769294093347364,0.8926372406210683
2022-06-14,-0.014412207366307165,10.614084793685294,0.8481464238317193
2022-06-15,0.0005876605850172954,10.620322272964573,0.8499555161271997
2022-06-16,-0.002939356553549638,10.589105359090727,0.8409789861023271
2022-06-17,0.009215366998817734,10.686687851163896,0.869834577989012
2022-06-21,0.0008462736098901417,10.69573171306947,0.8724987256434695
2022-06-22,-0.006340145579885869,10.627919216925209,0.8528785452675676
2022-06-23,0.006524609255618151,10.697262237015922,0.8734001907392874
2022-06-24,0.0004099634660377242,10.701647723719724,0.874693689126383
2022-06-27,-0.0117800834260183,10.575581420738446,0.8386980736996263
2022-06-28,-0.011344286663014094,10.455608993473543,0.805257263993068
2022-06-29,-0.00245950656536681,10.429893354509186,0.7980955467145037
2022-06-30,0.00618160814915505,10.494366868264239,0.8164009386903639
2022-07-01,0.0009255540648597491,10.50407997217729,0.8191573988984602
2022-07-05,-0.0005822591595002164,10.497963875401368,0.81742549188707
2022-07-06,-0.00018947652769102111,10.495974757658432,0.8168623578473453
2022-07-07,0.0020221820072693847,10.517199528962124,0.8229069351143332
2022-07-08,-0.0028867655930596148,10.486838839226573,0.8143410979658776
2022-07-11,-0.006155620660848409,10.422285837400842,0.7964194338540588
2022-07-12,-0.004187207757909639,10.378645561287327,0.7844141872440562
2022-07-13,-0.008789912825339296,10.287418171558517,0.7599128660856758
2022-07-14,-0.014486315220102236,10.138391389124314,0.7214616357923513
2022-07-15,-0.0008553985402560777,10.129719023929512,0.7192226075008125
2022-07-18,0.009875409871656719,10.229754151175534,0.7458649062721459
2022-07-19,0.010896805174176212,10.341225789140614,0.7765031058458036
2022-07-20,0.015357690085367018,10.50004312991304,0.8220469733421083
2022-07-21,0.01846713621981651,10.693948856707093,0.8802692511090697
2022-07-22,0.017449268166921494,10.88055043807112,0.938350159625724
2022-07-25,0.01654034112250654,11.060518453917453,0.9960330216328834
2022-07-26,0.0008473775474897812,11.069890888918898,0.998996707122054
2022-07-27,-0.00803677405918434,10.980924676984834,0.9714458303952289
2022-07-28,-0.021874955684708174,10.740717436298672,0.9005113030925642
2022-07-29,-0.02403204238243552,10.482596059651778,0.8276520275785899
2022-08-01,-0.01009944225023515,10.376727686114782,0.7981361224579688
2022-08-02,-0.012942619255167745,10.242425650558841,0.7618822173117844
2022-08-03,-0.011131699173531382,10.128410049409558,0.7319590160261356
2022-08-04,-0.011606804825889558,10.010851570769482,0.7020996194597626
2022-08-05,-0.0021794367542573145,9.989033552914732,0.6965887730159426
2022-08-08,-0.005919059043309228,9.929907873529432,0.681931708484713
2022-08-09,-0.006855588326641344,9.86183251302704,0.6654269818907035
2022-08-10,0.0037703463484590237,9.899015037231646,0.6745456708752389
2022-08-11,0.005659346257928445,9.95503699093978,0.6885478488621863
2022-08-12,0.009104866024218426,10.045676269008425,0.7118868552637616
2022-08-15,0.015889520583046386,10.205297248855455,0.755098090560886
2022-08-16,0.01875318500738139,10.396679076218563,0.8097889412220975
2022-08-17,0.021599576210176955,10.6212429382581,0.8776133316397248
2022-08-18,0.016085582086868343,10.79209181340602,0.9308235734535497
2022-08-19,0.020546622267008565,11.013832847366949,1.0
2022-08-22,0.015765347646983324,11.187469751131452,1.0
2022-08-23,0.01387423174706871,11.342687299121971,1.0
2022-08-24,0.0078538666403636,11.431771252512622,1.0
2022-08-25,0.0156688647592839,11.610894130227312,1.0
2022-08-26,-0.0021930949362648,11.585430337104803,0.9923660988903178
2022-08-29,-0.015203102901028314,11.409295847537104,0.9414187877517877
2022-08-30,-0.00460876674439949,11.35671306425796,0.926176742704987
2022-08-31,0.0020791499413211185,11.380325373559112,0.9330863654136718
2022-09-01,0.009577975980304725,11.489325856635114,0.9657403129100095
2022-09-02,0.01204354406221333,11.627698058834625,1.0
2022-09-06,0.00721635810729801,11.711607691990709,1.0
2022-09-07,0.0199177604528043,11.944876688516999,1.0
2022-09-08,0.0216068971832698,12.20296841099262,1.0
2022-09-09,0.0046541446584342,12.259762791239684,1.0
2022-09-12,0.0004175332142305,12.264881649403613,1.0
2022-09-13,0.0014514912575064,12.282684017892072,1.0
2022-09-14,-0.0005444570043926,12.275996624545789,0.9980969919250551
2022-09-15,0.012145987067770954,12.425100720791521,1.0
2022-09-16,0.01717909593039999,12.638552718018879,1.0
2022-09-19,0.022373274702943,12.921318529826742,1.0
2022-09-20,0.0221799987136833,13.207913358197391,1.0
2022-09-21,0.0203956481426623,13.477297311749956,1.0
2022-09-22,0.0090390056241391,13.59911867794906,1.0
2022-09-23,0.0050734786938043,13.668113516816149,1.0
2022-09-26,0.0204113215253788,13.947097776453258,1.0
2022-09-27,-0.0004936509311764,13.940212778648704,0.9982743522859792
2022-09-28,0.019309588906694992,14.209392556676267,1.0
2022-09-29,0.01649458865142406,14.44377064188525,1.0
2022-09-30,0.0273924006010945,14.8394201934981,1.0
2022-10-03,0.022411618472008,15.17199561722059,1.0
2022-10-04,0.0172575935833147,15.433827751430416,1.0
2022-10-05,0.0214315164490151,15.764598084756463,1.0
2022-10-06,0.0195167679663341,16.072272087659172,1.0
2022-10-07,0.0132785396774407,16.285688390281777,1.0
2022-10-10,0.000673665594349,16.296659498230596,1.0
2022-10-11,0.0063971091897437,16.40091100846885,1.0
2022-10-12,0.0036166079698231,16.460226673934436,1.0
2022-10-13,-0.002416010410649,16.42045859492857,0.9915948332008964
2022-10-14,-0.006579529485665637,16.312419703435083,0.9690802019701095
2022-10-17,-0.0028890559536113936,16.265292210173065,0.9592695251842307
2022-10-18,-0.0041885122408403044,16.19716483464991,0.9452013353625648
2022-10-19,0.02457828460007526,16.595263361670266,1.0
2022-10-20,0.04087655148048233,17.273620498805744,1.0
2022-10-21,0.0303854369360124,17.798487005128816,1.0
2022-10-24,0.0291978247999306,18.318164110408407,1.0
2022-10-25,0.0299156557875021,18.866164002594356,1.0
2022-10-26,-0.0018056696636926,18.832097942584625,0.9937085993899781
2022-10-27,-0.028940910901162072,18.287079873946325,0.8998587536272922
2022-10-28,-0.029897013864002602,17.74035079342283,0.8106594690915621
2022-10-31,-0.01775116093692587,17.42543897141126,0.7608731835969444
2022-11-01,-0.017570377792052463,17.11926742549121,0.7145993433398531
2022-11-02,-0.009449147717905492,16.957504938765414,0.6907716573879854
2022-11-03,0.004327745829581025,17.030892710044256,0.7017365639656754
2022-11-04,0.01742709984246846,17.327691777708566,0.7486206913079303
2022-11-07,0.013823865159044142,17.567227452361085,0.7879881744585229
2022-11-08,0.0038744341823277327,17.63529051889124,0.7992472990296748
2022-11-09,0.022159110983487346,18.02607287872539,0.8681332474897479
2022-11-10,0.0001751073967447066,18.029229377420712,0.8686825724572422
2022-11-11,0.0018209133252963833,18.062059041438882,0.8744240013129292
2022-11-14,-0.007775043287094231,17.921625750537643,0.8504123370973826
2022-11-15,-0.0046425417556862515,17.83842385466099,0.8362949693476582
2022-11-16,-0.00569342686642018,17.736862093032276,0.8192878438476974
2022-11-17,-0.004028704236318026,17.665405521579086,0.8074205466374429
2022-11-18,-0.007483183718725602,17.53321204659532,0.7858898586662245
2022-11-21,-0.0044486199276128355,17.455213450089776,0.7733076387904668
2022-11-22,-0.006944437883358508,17.333996804544864,0.7541188537022356
2022-11-23,-0.010386370304391506,17.15395949487772,0.7264326689987253
2022-11-25,-0.020748171498455797,16.798046201400435,0.6749534111984891
2022-11-28,-0.014249783588297303,16.55867767832426,0.6418665535101353
2022-11-29,-0.011794399982011186,16.3633780106129,0.6159908983573879
2022-11-30,-0.00706985142734805,16.247691359228334,0.6011040816137532
2022-12-01,-0.0036960801062015346,16.187638590423788,0.5935063252375109
2022-12-02,-0.004153016767905569,16.12041105592496,0.5851439354976762
2022-12-05,0.0005593847926822458,16.12942856872143,0.5862642769312123
2022-12-06,-0.01344504279082443,15.912567711423423,0.5605395318509485
2022-12-07,-0.008752224057842648,15.773297353477453,0.544720467221615
2022-12-08,-0.003008080387864629,15.7258500070565,0.5394414835698691
2022-12-09,-0.01083180631456557,15.555510645648155,0.5212850318778528
2022-12-12,-0.005641146647685056,15.467759728916429,0.5122587416274169
2022-12-13,-0.003215908365808957,15.418016831003882,0.5072462650975607
2022-12-14,-0.0021893196911119133,15.384261863157871,0.5038900249725237
2022-12-15,-0.0072785212934488985,15.272287185602883,0.49309357737024706
2022-12-16,-0.0019504001279667751,15.242500114721738,0.4902791064055232
2022-12-19,-0.004303467605141337,15.17690450925667,0.48420285483926423
2022-12-20,0.0022325191426905166,15.210787239100373,0.48734197292840337
2022-12-21,0.0006834506542162295,15.221183061590079,0.48831180573096183
2022-12-22,-0.001822866671401483,15.193436874287805,0.48573770656962717
2022-12-23,-0.006389173522542586,15.096363369694185,0.4769768912330765
2022-12-27,-0.00196257125487855,15.066735680891622,0.4743568352397021
2022-12-28,-0.0013115912177798408,15.046974282691956,0.47262511923556816
2022-12-29,-0.0009413851975755334,15.03280928383393,0.4713917134951896
2022-12-30,-0.0005572002629821261,15.024432998547617,0.4706653751387673
2023-01-03,0.0054274768138605255,15.105977760288635,0.47787605439776193
2023-01-04,0.004457270406042855,15.17330918791391,0.48400169528690506
2023-01-05,0.0014057186430940386,15.19463859151679,0.48597015043739616
2023-01-06,-0.001030387755151613,15.178982221968138,0.48452689701557405
2023-01-09,0.0019721522384635744,15.208917485734789,0.48730152148743355
2023-01-10,0.0013844223969085752,15.229973051734776,0.48927088841644173
2023-01-11,0.0010222084422209106,15.245541258763057,0.49073651497072535
2023-01-12,0.0023511057099815423,15.281385137868295,0.4941475967384532
2023-01-13,0.0009035930392551326,15.29519329110905,0.4954718792247166
2023-01-17,7.465003745246773e-05,15.296335077861073,0.49558159423227544
2023-01-18,-0.001887182752675326,15.267468098122992,0.492826955814747
2023-01-19,0.003039138362336164,15.313868046115742,0.4972902917146136
2023-01-20,-0.0006402049609581149,15.304064031821161,0.4963442751107758
2023-01-23,0.002151171192510123,15.336985693494746,0.4995431114133969
2023-01-24,0.0021905565925892617,15.370582228616078,0.5028470742052421
2023-01-25,-0.002700102684267299,15.329080078281839,0.49879123235134337
2023-01-26,-0.0217114173042249,14.996264023812381,0.468917273169466
2023-01-27,-0.010797720350166868,14.834338558585987,0.4555568405185828
2023-01-30,-0.008951283832382544,14.701552183682427,0.4452300865923904
2023-01-31,-0.010690071935100855,14.544391533281223,0.4337577770998245
2023-02-01,-0.003053822220719122,14.499975547230049,0.4306446170471253
2023-02-02,0.0074081667696792135,14.6073937842402,0.4383265511166242
2023-02-03,0.007521732151146044,14.71726668771157,0.44658321226596787
2023-02-06,0.0025292908785154358,14.75449093610148,0.44946413650981826
2023-02-07,0.006332121516822382,14.847918165627728,0.45692136349810264
2023-02-08,0.0007831770034181256,14.859546713683683,0.4578668428752491
2023-02-09,-5.06879697910757e-05,14.85879351342875,0.45780550023875227
2023-02-10,-0.005844025072194665,14.77195835159371,0.45089035464971894
2023-02-13,-0.004334464833919421,14.707929817590605,0.4459463987738709
2023-02-14,-0.0027757421737404806,14.667104396507504,0.4428616018391148
2023-02-15,-0.00026143900423469455,14.663269843339075,0.44257423512881633
2023-02-16,-0.0025325123769086135,14.626134930974867,0.4398201520747513
2023-02-17,0.0025238818608192054,14.66304956762105,0.4425661541602903
2023-02-21,0.003364801424869246,14.71238781769911,0.44630923799529115
2023-02-22,0.006306793143205498,14.805175804307954,0.4535854910872044
2023-02-23,0.0017071108627919715,14.830449880749033,0.4556121378442757
2023-02-24,-0.001123650909565679,14.81378563225126,0.45427610994265866
2023-02-27,-0.0004025476103830568,14.807822378244271,0.4538000521315322
2023-02-28,-0.003340716634946477,14.758353639697937,0.44990491494617324
2023-03-01,6.676033370281086e-05,14.759338912311827,0.4499818750627306
2023-03-02,-0.002673744833002626,14.7198762061565,0.4469303788439496
2023-03-03,-0.0028610523936804817,14.677761869102195,0.44373116833856097
2023-03-06,-0.003124404207784108,14.63190260815752,0.4403144267847976
2023-03-07,0.000993660294961566,14.64644174881899,0.44139287667540006
2023-03-08,-0.0067549852530503765,14.547505250796057,0.4342229747369451
2023-03-09,-0.006933803161467457,14.446635712896624,0.42723474881400825
2023-03-10,-0.009268549781285555,14.312736350619543,0.4184572524730798
2023-03-13,-0.0017248614511943263,14.288048863427251,0.4168937210662539
2023-03-14,-0.003299474535219285,14.240905810044405,0.4139612393174963
2023-03-15,-0.0005302709424340053,14.2333542714994,0.41349727037154255
2023-03-16,-0.0004843501720113588,14.2264603439097,0.4130751989484251
2023-03-17,-0.0018181633049924222,14.200594315752474,0.4115050109015632
2023-03-20,-0.0004976771149258182,14.193527004943178,0.41107928091799595
2023-03-21,0.0026935429515019937,14.231757879564297,0.41340258594080803
2023-03-22,0.0022223644552297594,14.263386032411276,0.41535778437169163
2023-03-23,0.002675686583638464,14.301550383055453,0.4177581447025983
2023-03-24,0.0012944875128958202,14.320063561441367,0.41893807490788404
2023-03-27,0.0023623706290629115,14.353892859005231,0.4211225467085775
2023-03-28,-0.0009905260363891083,14.339674954404847,0.42020138247296634
2023-03-29,-0.0006611530458202438,14.33019423463267,0.41959052935676233
2023-03-30,0.000990950574252612,14.344394748838631,0.42050714437825726
2023-03-31,0.0006995520783860421,14.354429399998372,0.4211585626362635
2023-04-03,-0.0003422435470939616,14.349516689164005,0.42083939250275243
2023-04-04,0.0010904877382085347,14.365164661162757,0.42185924482454307
2023-04-05,-0.0012911827206167122,14.34661660877345,0.4206524284318346
2023-04-06,-0.0018666086206901278,14.319837090533778,0.41892922458268156
2023-04-10,-0.0002011755712551958,14.316956289126807,0.4187450431054863
2023-04-11,-0.001244016573647919,14.299145758218941,0.41761247774647575
2023-04-12,0.001519362497439762,14.320871344029403,0.41899681956878554
2023-04-13,0.0038413708014099564,14.375883121061106,0.42257110154811584
2023-04-14,0.0044057858256709,14.439220183147379,0.4268056491912574
2023-04-17,0.0035325740019921227,14.490227796975404,0.4303077835935055
2023-04-18,0.0022650969992338626,14.52304956847655,0.4326042525709958
2023-04-19,0.0029595016141032147,14.566030557116159,0.43566561310802004
2023-04-20,0.0060942572349867614,14.654799694223902,0.44219248751810203
2023-04-21,0.007448100365103731,14.763950113176973,0.45058874738521204
2023-04-24,0.00917183225228519,14.899362586996139,0.46158839452177225
2023-04-25,0.011718870090858933,15.073966281589753,0.4767565386437355
2023-04-26,0.005140049493910095,15.151447214346655,0.4837987437218466
2023-04-27,-0.00233321336230905,15.116095655247822,0.4805805608494814
2023-04-28,-0.004020831169682757,15.055316386673296,0.47515650500652096
2023-05-01,-0.005028867388331244,14.979605197075346,0.4685823585450236
2023-05-02,-0.0036196868816258036,14.925383716651558,0.4639887783463224
2023-05-03,0.00059175368592669,14.934215867479757,0.46473265723043045
2023-05-04,0.004890331227214664,15.007249129690457,0.47100867674099356
2023-05-05,0.0032176191929370775,15.055536742523339,0.47525518792802834
2023-05-08,0.0023662296724981475,15.091161600298884,0.47843823567050736
2023-05-09,-0.001031199522834152,15.075599601657643,0.4770463927653895
2023-05-10,-6.568773698521783e-05,15.074609319636116,0.4769580339076487
2023-05-11,0.003698138197320195,15.13035730817074,0.48200207351234253
2023-05-12,0.008456546376723807,15.25830787644369,0.4940483798195148
2023-05-15,0.0015914235961155144,15.282590307635056,0.49638573452107726
2023-05-16,0.006571363596316127,15.383017765240062,0.5063238120835809
2023-05-17,-0.0016071386586002114,15.35829512270361,0.5038641424498747
2023-05-18,0.002653936334565389,15.399055060166733,0.5079488050392778
2023-05-19,0.0055558441910875285,15.484609810770996,0.5167413610054677
2023-05-22,0.01202655672053341,15.67083634895556,0.5369355784846805
2023-05-23,0.00786228223883889,15.794044887249703,0.5509215048650855
2023-05-24,0.007089705853521894,15.906020019737626,0.5640877920636516
2023-05-25,-0.0003454419332099776,15.900525413432332,0.563437618775008
2023-05-26,-0.005895498770413663,15.80678388540851,0.5525792138497833
2023-05-30,-0.006370549180133658,15.70608599128677,0.5412498335333373
2023-05-31,-0.0003286135174000554,15.700924759124584,0.5406741902176775
2023-06-01,-0.004117929683552312,15.636269454999765,0.5335728689029575
2023-06-02,-0.007789956289061101,15.514463599421335,0.5206373444147645
2023-06-05,-0.005257063746720566,15.432903075283003,0.5122344538338011
2023-06-06,-0.004490965996885175,15.363594432338683,0.505268213447566
2023-06-07,0.009382548472431943,15.507744101810886,0.5201665682522932
2023-06-08,0.00946832538281919,15.654576468920325,0.5361204560344957
2023-06-09,0.007031221819488022,15.764647268563444,0.5485550933103291
2023-06-12,0.008678900451349085,15.901467072857937,0.5646451126565493
2023-06-13,0.006078011341636937,15.998116370075435,0.5763701005330055
2023-06-14,0.004265606273639107,16.066358035630035,0.5848227627261395
2023-06-15,0.004700999705391326,16.14188598002224,0.594367971471932
2023-06-16,0.005191177193352044,16.22568137037942,0.6051900007351344
2023-06-20,0.00662317134058794,16.333146838213228,0.6194399247361033
2023-06-21,0.00432664213490393,16.403814519519013,0.6289854172288654
2023-06-22,-0.001222243134601318,16.383765069841257,0.6262828620757714
2023-06-23,-0.0009800081938014507,16.367708845827494,0.6241269018070625
2023-06-26,-0.00037979315876300807,16.361492501983225,0.6232936496009632
2023-06-27,8.090438815993395e-06,16.36162487363725,0.6233113902743166
2023-06-28,-0.0012305204642554747,16.34149155940177,0.6206243075662358
2023-06-29,0.007254117586928653,16.460034660719476,0.6368324810628172
2023-06-30,-0.001315892433469807,16.438375025654782,0.6338746651599834
2023-07-03,-0.0006012100366041778,16.428492109603894,0.6325284738145017
2023-07-05,-0.00040979538330495447,16.421759789382715,0.6316129225438712
2023-07-06,0.0041555666112392834,16.49000150606127,0.6410228180988149
2023-07-07,0.005896778486731982,16.58723939218839,0.6547201499966194
2023-07-10,0.0036308871993496893,16.647465787370038,0.6633214610657745
2023-07-11,0.011298199689605158,16.835552180161613,0.6912246259131627
2023-07-12,0.008429751865855711,16.977471707565044,0.712882712664995
2023-07-13,0.002799845028666759,17.0250059973248,0.7201986851726505
2023-07-14,0.003481658002298413,17.084281245694566,0.7294185012314862
2023-07-17,-0.006306158167659524,16.976545065978435,0.712992429609212
2023-07-18,0.001385089263379362,17.000059096278598,0.7165962122867007
2023-07-19,-0.0009411808476719109,16.98405896624789,0.7141515714926356
2023-07-20,0.007315307697438694,17.108302583537434,0.7335783797158737
2023-07-21,0.014109692164049203,17.349695466440554,0.7729688985104939
2023-07-24,0.012036759481119173,17.558529577840766,0.8081543004409268
2023-07-25,0.007607677725316269,17.692109212199412,0.8310404643847553
2023-07-26,0.01052499650275973,17.87831859978425,0.8637798687047222
2023-07-27,7.478913231912001e-05,17.879655703719653,0.8640134232288437
2023-07-28,-0.004390982819509247,17.80114644270588,0.8504661177313588
2023-07-31,-0.004599663121874905,17.71926716588627,0.8364766901924441
2023-08-01,0.00927509241460272,17.8836150063689,0.865389244697566
2023-08-02,0.010880415023033996,18.07819615975035,0.9004585256837243
2023-08-03,0.0074899618527938736,18.21360115935421,0.9251598774697412
2023-08-04,0.004813178760906924,18.301266477614043,0.9412579803317693
2023-08-07,0.018548433246229474,18.640726297195524,1.0
2023-08-08,0.0067638413332989904,18.766809212207207,1.0
2023-08-09,0.013871162809621368,19.027126678206834,1.0
2023-08-10,0.00852167078851679,19.189269587809918,1.0
2023-08-11,0.0185936858135143,19.54606883751648,1.0
2023-08-14,0.0032337460602329,19.60927586061284,1.0
2023-08-15,-0.0020535432618988,19.569007364298564,0.9928493717164129
2023-08-16,0.011098174873881067,19.786187630135814,1.0
2023-08-17,0.013048550915307806,20.044368706847475,1.0
2023-08-18,0.0056001733117115,20.156620645529667,1.0
2023-08-21,0.0019185565455684,20.195292262005687,1.0
2023-08-22,0.0045838519402733,20.287864491625268,1.0
2023-08-23,-0.0036437258413275,20.21394107551178,0.9873624287196241
2023-08-24,0.005097489395534058,20.31698142578615,1.0
2023-08-25,0.009996262578761319,20.520075306926124,1.0
2023-08-28,0.0062010911264369,20.64732216382572,1.0
2023-08-29,0.0029456767720797,20.70814250112935,1.0
2023-08-30,0.0075370804008142,20.864221436111876,1.0
2023-08-31,0.0006257241288729,20.8772766828946,1.0
2023-09-01,0.0079956207483452,21.044203469509295,1.0
2023-09-05,0.0024506342272243,21.095775114816348,1.0
2023-09-06,0.0098213688089729,21.302964502530113,1.0
2023-09-07,0.0002201313800971,21.307653953506215,1.0
2023-09-08,-0.0092146092411606,21.111312248478786,0.9684805417828046
2023-09-11,-0.007241826869293699,20.958427780191702,0.9441710074553173
2023-09-12,-0.005729911606178718,20.838337841606723,0.9252334047719322
2023-09-13,-0.02019369346322086,20.41753483495028,0.8619780383483864
2023-09-14,-0.016771907573296517,20.075093827823935,0.8120635032710719
2023-09-15,-0.008023506960296772,19.91402117276778,0.7888890654734465
2023-09-18,-0.007887304500509505,19.756953223948567,0.7667222758939592
2023-09-19,-0.008784187052997166,19.583404451232088,0.7427894302554532
2023-09-20,-0.005434183809310172,19.47698463183203,0.7283177579333888
2023-09-21,0.0005485732329060461,19.487669184258774,0.7297748163769535
2023-09-22,-0.0002894925297382482,19.48202764960792,0.729006239435735
2023-09-25,0.004102360202914292,19.56194994450975,0.7400344114438897
2023-09-26,-0.0007523102731485013,19.547233288603678,0.7380100777359812
2023-09-27,0.008224683003902312,19.70800308600577,0.7606962892152616
2023-09-28,0.0045459219090950714,19.797594129018957,0.7734844231624505
2023-09-29,0.019232429241442462,20.178349957256113,0.8309783279408234
2023-10-02,0.010518616183847028,20.39059827567984,0.8636951429926603
2023-10-03,0.02734839892941741,20.94824849173262,0.9558802195971454
2023-10-04,0.030734685535763993,21.592086321651063,1.0
2023-10-05,0.03062747556023533,22.253397417761924,1.0
2023-10-06,0.0149501830219205,22.586089782016998,1.0
2023-10-09,0.0164972378371833,22.95869787696291,1.0
2023-10-10,0.0085301534166526,23.15453909209998,1.0
2023-10-11,0.0021896463719743,23.205239344617738,1.0
2023-10-12,-0.0099298908809134,22.974813850060205,0.9660940525659958
2023-10-13,-0.017265573376652053,22.57814051571707,0.909696059796175
2023-10-16,-0.00829692443894882,22.390811389886196,0.8832509675206266
2023-10-17,-0.01532911510657107,22.047580064761107,0.836468370132025
2023-10-18,-0.009700042906397003,21.8337175921507,0.8078118326479047
2023-10-19,-0.013393075693314846,21.541296959772563,0.7699071948522089
2023-10-20,-0.000783154233327666,21.52442680186715,0.7677128736698202
2023-10-23,-0.015723654114674666,21.18598415981796,0.7256882613000919
2023-10-24,-0.00839924607375107,21.008037865545056,0.7040720022547783
2023-10-25,0.009790111366761044,21.213708895845876,0.7298676639982602
2023-10-26,0.010926420623899678,21.44549880223485,0.7599095558826259
2023-10-27,0.008206287369326652,21.621486728184543,0.7832281355375873
2023-10-30,0.013105253653443989,21.904841796121975,0.8221473323691693
2023-10-31,0.013236477242308559,22.194784736052714,0.8632535316808503
2023-11-01,0.013230979022804637,22.488443467311093,0.9060926856713303
2023-11-02,0.006596104078501303,22.636779580984967,0.9279012522341272
2023-11-03,0.014404488456125032,22.96285081114311,0.9774353831182423
2023-11-06,0.013032877290417532,23.262122828002905,1.0
2023-11-07,0.007314758069925182,23.43227962868263,1.0
2023-11-08,-0.0050206761309868,23.314633741656294,0.9826463623437678
2023-11-09,-0.002698650975466694,23.251715682566726,0.9733830589109966
2023-11-10,-0.012127326209068572,22.969734541563724,0.9330203727505035
2023-11-13,-0.011571237995674475,22.703946276485826,0.8957019122126746
2023-11-14,-0.004630809535571299,22.59880862557358,0.8809846616425694
2023-11-15,0.0011483974348648481,22.62476103943019,0.8846416684198402
2023-11-16,-0.0008614560013149521,22.605270803254456,0.881904028070412
2023-11-17,-0.0025994183067586745,22.54651024849924,0.8737034492466804
2023-11-20,-0.0035289381804775653,22.46694500764678,0.862685568926171
2023-11-21,-0.0067521221298232,22.315245451071124,0.8420161140373605
2023-11-22,-0.009325533970965418,22.10714387154673,0.8142720410928526
2023-11-24,0.0001903156464863276,22.11135120692461,0.8148362808317575
2023-11-27,-0.012085463735074423,21.844125273779827,0.7802212270267718
2023-11-28,-0.009077272025252887,21.645840206516027,0.7550739400547413
2023-11-29,-0.00522456239514782,21.532750163761687,0.7409110386317546
2023-11-30,0.0019598125183038478,21.574950317086135,0.746235188257481
2023-12-01,0.0011270500206315415,21.59926636528613,0.7493120878362347
2023-12-04,0.006499017716141753,21.73964038004979,0.7674249767458056
2023-12-05,0.005988742885256001,21.869833496703837,0.7844943802826717
2023-12-06,0.01365908757874628,22.168555467767916,0.8251876037757464
2023-12-07,-0.002766421359341729,22.10722790241613,0.8169552999649334
2023-12-08,-0.002050014097762698,22.061907773553724,0.8108982123450146
2023-12-11,0.007839970577604584,22.234872481384212,0.8345723181328564
2023-12-12,0.004186640638790568,22.3279619021131,0.8474094475609713
2023-12-13,0.004785642747115422,22.434815551047816,0.8623055338832692
2023-12-14,0.011506659404959091,22.692965332406803,0.8993482743290209
2023-12-15,0.003695669381023239,22.7768310295504,0.9113999434248317
2023-12-18,-0.005586883010100122,22.649579539247483,0.8934368920561147
2023-12-19,0.0012155334390602137,22.67711086055809,0.8973533167117513
2023-12-20,0.0017815125209946602,22.717510417496158,0.9031225622299934
2023-12-21,-9.061496035221362e-07,22.7174898320331,0.9031196266589498
2023-12-22,-0.003431072937324282,22.63954446746647,0.8921060915691454
2023-12-26,0.0014413551206933267,22.67217609081482,0.8967473092292033
2023-12-27,0.001750581643855717,22.711865586105663,0.9024128151262625
2023-12-28,0.0058562569007032375,22.844872105672138,0.9216743460011882
2023-12-29,0.005568621847978439,22.972086559594057,0.9402820075061114
2024-01-02,0.007306069386447789,23.139922217949934,0.9651857073911141
2024-01-03,0.00670521999198568,23.295080487018726,0.988453136724786
2024-01-04,0.006112140214724245,23.43746328526867,1.0
2024-01-05,0.009038711731584404,23.649307759623806,1.0
2024-01-08,0.0145871225948441,23.994283111196637,1.0
2024-01-09,0.0080250193110312,24.18683769651834,1.0
2024-01-10,0.0039569101687547,24.28254284054971,1.0
2024-01-11,0.0024463761587924,24.341947074429687,1.0
2024-01-12,-0.0081089187588174,24.144560203171704,0.9721864391459667
2024-01-16,-0.0069861247310809066,23.975883294015254,0.948652497630267
2024-01-17,0.005529209065723019,24.108450965283243,0.9675374772135923
2024-01-18,0.010519431408295761,24.3620581615728,1.0
2024-01-19,0.017064723760005365,24.777789954325225,1.0
2024-01-22,0.0209055871140836,25.295784200709836,1.0
2024-01-23,0.0012656569582674,25.327799985998293,1.0
2024-01-24,0.0095128922899328,25.568740619206057,1.0
2024-01-25,0.0153451105900093,25.96109577165504,1.0
2024-01-26,0.0217083388908103,26.52466803664291,1.0
2024-01-29,0.022529028675862,27.12224304345816,1.0
2024-01-30,0.0226374317714329,27.736220969842662,1.0
2024-01-31,0.0258353949481676,28.452797192968195,1.0
2024-02-01,0.0262705865797836,29.20026886506309,1.0
2024-02-02,0.0224327131176247,29.855310119470563,1.0
2024-02-05,0.0080619322403628,30.09600160666875,1.0
2024-02-06,0.0109320184867763,30.425011652610902,1.0
2024-02-07,0.0053588781010132,30.58805558127915,1.0
2024-02-08,-0.0074253168818841,30.36092957578747,0.9744879096865342
2024-02-09,-0.0034106031454542163,30.257380493877378,0.9628735354559894
2024-02-12,-0.0014359476349038152,30.21393247991881,0.9580026262054553
2024-02-13,-0.006868771085193556,30.00639989413075,0.9351131016840017
2024-02-14,-0.003995109191811928,29.886521050100527,0.9219483556811547
2024-02-15,0.012902333110749115,30.272126900210342,0.9659241371570335
2024-02-16,0.017449871611927615,30.80037162803899,1.0
2024-02-20,0.011130428535399571,31.143192963308625,1.0
2024-02-21,0.0246052547647392,31.90947916035827,1.0
2024-02-22,0.0002249831672425,31.916658256044826,1.0
2024-02-23,-0.001294130065448,31.87535394900705,0.9954851674749441
2024-02-26,0.019718673042230683,32.5038936316329,1.0
2024-02-27,0.01273396222264949,32.91779698522713,1.0
2024-02-28,0.0354386167694741,34.08435817748194,1.0
2024-02-29,0.0186424310184105,34.71977347361244,1.0
2024-03-01,0.0058197634865645,34.92183434353596,1.0
2024-03-04,-0.0244804987917691,34.06693042008267,0.9193545213237451
2024-03-05,-0.002921460419935738,33.967405231231695,0.9098287336785833
2024-03-06,-0.0026205561303290917,33.87839173922162,0.9013481064396547
2024-03-07,-0.0028413057431071823,33.782132870205736,0.8922278295337145
2024-03-08,-0.001747602534636011,33.72309512917635,0.8866482479171918
2024-03-11,0.011651409684870963,34.11601672636826,0.9250357141469436
2024-03-12,0.0016725079438828238,34.17307603535675,0.930582644741301
2024-03-13,0.001921517615925331,34.238740202949046,0.9369892957528985
2024-03-14,0.014028900342604395,34.71907207711254,0.9855367671549877
2024-03-15,0.016651583660319377,35.29719961041324,1.0
2024-03-18,0.007043441404528624,35.545813367613135,1.0
2024-03-19,0.0032911094181827,35.66279852876425,1.0
2024-03-20,-0.000134266793357,35.658010199163655,0.9995302239292101
2024-03-21,-0.00960280624457108,35.31559323615414,0.966725790792003
2024-03-22,-0.012095289907624759,34.888440897703106,0.926676318341773
2024-03-25,-0.008410394813509952,34.59501533532562,0.8994754721649831
2024-03-26,-0.000959518930137236,34.56182076322299,0.8963851387562161
2024-03-27,-0.00767724949006203,34.29648104239292,0.87216950489501
2024-03-28,0.00013282929288539253,34.30103661971824,0.8725877864726741
2024-04-01,0.005783376754533365,34.49941243756112,0.8910931739373611
2024-04-02,-0.001943907827289128,34.43234875968687,0.884896629900574
2024-04-03,-0.006541788560541393,34.20709961445817,0.8644205454197258
2024-04-04,-0.003827639662437843,34.07616716323691,0.8525881481769053
2024-04-05,-0.012431549950186194,33.65254758903624,0.815509693322978
2024-04-08,-0.007081895175277757,33.41422377462963,0.7949183013710774
2024-04-09,-0.002949028717937942,33.31568426913065,0.7864478025729236
2024-04-10,-0.0022909552764760234,33.239359526464874,0.779922483955836
2024-04-11,0.00367826871625963,33.36162282275957,0.7905000751758866
2024-04-12,0.007813358969686294,33.62228915768507,0.813541307696011
2024-04-15,0.00954277204421385,33.9431389987215,0.8425860631081541
2024-04-16,0.013210105558339886,34.39153144787601,0.8844920814021202
2024-04-17,0.0012876493932903457,34.435815682479195,0.8886075896599377
2024-04-18,-0.02113084606700441,33.70815776210099,0.8247818281870001
2024-04-19,0.0015052359827057533,33.75889649407522,0.8293140297606603
2024-04-22,-0.027380168220540638,32.83457222912762,0.7529276707415464
2024-04-23,-0.024689747627389867,32.02389492733716,0.689962245818873
2024-04-24,-0.010438852728878999,31.689602204385594,0.6647649615839365
2024-04-25,-0.0038971182097158135,31.56610407857623,0.6555843441216251
2024-04-26,-0.005808223616910741,31.382761087373183,0.6422238944046731
2024-04-29,0.007275221711727486,31.611077632209998,0.6592431389481211
2024-04-30,0.007186491716172778,31.83825037975317,0.6766186428971999
2024-05-01,0.01170000277277612,32.21075799747662,0.7062522037292978
2024-05-02,0.01052299528991677,32.54971165216872,0.7341395171915512
2024-05-03,0.01152707806014413,32.92491471921845,0.7660871037755255
2024-05-06,0.0034125591491479404,33.03727293817843,0.775721928404562
2024-05-07,0.0011848213566651709,33.07641620472156,0.7790861566786127
2024-05-08,0.0044572647758813165,33.22384654958326,0.7919203021901517
2024-05-09,-0.003619282289563884,33.10360007017516,0.7815825374236829
2024-05-10,-0.005163282961377745,32.93267681597256,0.7670878779493402
2024-05-13,0.0025664807783723873,33.0171978980011,0.7743249228769672
2024-05-14,0.0004819325379014025,33.033109959978475,0.7756880604714009
2024-05-15,0.0011088317428634914,33.069738120867605,0.7788356736826267
2024-05-16,0.00912382506095006,33.37146062629383,0.8054669375260297
2024-05-17,0.017145990796694797,33.94364738306453,0.8583504020302375
2024-05-20,0.024369557887131677,34.77083906286651,0.9393956506197065
2024-05-21,0.03609036381774829,36.02573129489374,1.0
2024-05-22,0.033297231676131966,37.22528841612189,1.0
2024-05-23,0.0067847630103349,37.47785317601664,1.0
2024-05-24,0.0032631048532826,37.60014734060591,1.0
2024-05-28,-0.0039132548820803,37.45300838045834,0.9864367319348291
2024-05-29,0.004055727667227957,37.604907582767886,1.0
2024-05-30,0.01582855389867299,38.20013888929634,1.0
2024-05-31,0.0198433030002108,38.95815581992678,1.0
2024-06-03,0.0252847972027291,39.943204889225946,1.0
2024-06-04,0.0185935499617114,40.68589086496464,1.0
2024-06-05,-0.0011156987473865,40.640497667490294,0.9961059260163061
2024-06-06,-0.01000328960496243,40.23395899963259,0.9620531803514687
2024-06-07,0.0026001432789568256,40.338573057711315,0.9709594903633292
2024-06-10,-0.017535497909716112,39.631216094176885,0.9134962485880982
2024-06-11,0.00655097274872521,39.89083911080868,0.9352920418966455
2024-06-12,0.00849906680497142,40.229874017317805,0.9642368315012293
2024-06-13,0.0014517658620541846,40.288278375050886,0.9692032727657534
2024-06-14,-0.004486285404959654,40.10753365978594,0.9540291551222748
2024-06-17,0.0017440913833013571,40.17748486364744,0.9599528604284671
2024-06-18,-0.004721840533429016,39.98777318708704,0.9441064833471606
2024-06-20,-0.008365872804338223,39.65324056287515,0.9166463495569108
2024-06-21,-0.005478053476275146,39.43601799056411,0.8989465831923433
2024-06-24,-0.008431418792059863,39.10351640739446,0.872343082788952
2024-06-25,-0.02320559629330447,38.196095991995854,0.8037536248217148
2024-06-26,-0.015289367869461447,37.612101829196966,0.7609240527364856
2024-06-27,-0.012046037878978713,37.159025025854454,0.7286728881363111
2024-06-28,-0.007729739743000359,36.87179543330096,0.7086488722071751
2024-07-01,-0.008056637729890626,36.57473273504422,0.6884367296898282
2024-07-02,0.0002612922008341596,36.58428942745549,0.6890875907305192
2024-07-03,-0.001828962723467836,36.51737812582811,0.6845571150600747
2024-07-05,-0.007828338981575712,36.23150771114075,0.6656819606170881
2024-07-08,-0.008812692886722095,35.91221056085956,0.64521487977721
2024-07-09,-0.01281130594760331,35.452128244109645,0.6170070679497595
2024-07-10,-0.019830632149754935,34.74909012997477,0.5769075793507551
2024-07-11,-0.01722602349288031,34.150501487039605,0.5452011627648201
2024-07-12,-0.014208741480895896,33.66526583996731,0.5212094810921127
2024-07-15,-0.010801577021251363,33.301627878056,0.5042537977138771
2024-07-16,-0.002797610820767792,33.20846288355517,0.5000278911637339
2024-07-17,0.001300223408351873,33.25164130435176,0.5019865522803424
2024-07-18,-0.0033054756132188876,33.14172881492072,0.4970507429591223
2024-07-19,-0.004472364144645217,32.99350693527731,0.4905430302332279
2024-07-22,-0.005494146382929133,32.81223577848871,0.4828106703844769
2024-07-23,-0.010892421836891094,32.45483106497788,0.4683321535545333
2024-07-24,-0.003341546641165944,32.3463817332431,0.46409286859506815
2024-07-25,0.0018433943693420645,32.40600887119875,0.46642266053793324
2024-07-26,-0.007104892372982957,32.175767665930955,0.4576298571322491
2024-07-29,-0.008852354591847196,31.890936361287242,0.44728485847311517
2024-07-30,-0.004984198506962415,31.73198560388968,0.4417438357804904
2024-07-31,-0.007127929897203664,31.505802235006076,0.4341705795164168
2024-08-01,-0.005104714266719141,31.34497411685261,0.4289916723816073
2024-08-02,0.003391074515580569,31.4512672597718,0.4324098526624712
2024-08-05,0.0068117558987743155,31.66550561505248,0.439551754172006
2024-08-06,0.0050872837155583606,31.82659702611286,0.4451314812446266
2024-08-07,0.006312172482196692,32.02749199606305,0.45235758912858126
2024-08-08,0.004111801553122393,32.159182687395074,0.457247098014877
2024-08-09,0.00560184605043016,32.33933347791752,0.46414995128455466
2024-08-12,0.0070725962391625105,32.56805652625046,0.4732732369237356
2024-08-13,0.0022918882073866115,32.64269887094047,0.47632371217036074
2024-08-14,0.0006258341182405023,32.66312778560536,0.47716464011557636
2024-08-15,-0.0013963374784080164,32.61751903611629,0.47529471245181576
2024-08-16,-0.0002808485534345036,32.60835845307838,0.4749206284278922
2024-08-19,-0.0011094854658293117,32.57217995331014,0.47345032086538363
2024-08-20,0.0028933430803945084,32.666422444791415,0.47731377335661873
2024-08-21,0.0036394575797665395,32.785310503561966,0.4822856747143063
2024-08-22,0.0024622166935539995,32.86603504238719,0.48571856147329917
2024-08-23,-0.0004769143021231846,32.85036076022139,0.4850499605899391
2024-08-26,-0.002860910051469539,32.75637883292808,0.48108784055662185
2024-08-27,-0.0013798765386062607,32.711179074286825,0.4792029842629312
2024-08-28,-0.0017782803897524841,32.65300942601334,0.47680031575215737
2024-08-29,-0.002166334553293368,32.582272083424755,0.47391307760326673
2024-08-30,-0.005407059421608877,32.40609780217865,0.4669002829035165
2024-09-03,-0.005003295543321348,32.24396051746857,0.46064226586962864
2024-09-04,-0.0014923563903217292,32.19584103694105,0.4588165643513251
2024-09-05,0.00038817492150342573,32.2083386550083,0.45928978312021607
2024-09-06,0.00020634415879336657,32.2149846575542,0.45954186147629233
2024-09-09,-0.0008616234767666009,32.18722747046957,0.4584920093133835
2024-09-10,0.001190297320117724,32.22553984106969,0.45994476553346136
2024-09-11,-0.002535738926724382,32.14382428525998,0.45686752045524415
2024-09-12,-0.002819378114051827,32.05319869056819,0.4535115932966212
2024-09-13,-0.0014506385498521599,32.00670108490158,0.4518109596955652
2024-09-16,-0.001971551697894145,31.943598219033653,0.4495285514499642
2024-09-17,-0.00031753836992680834,31.933454900925586,0.4491639168560819
2024-09-18,0.0006647524379239771,31.954682742922312,0.44992836377405554
2024-09-19,0.0019755080722183224,32.017809476626134,0.4522228300066188
2024-09-20,-0.003558448884392521,31.90387573821334,0.4481176889393439
2024-09-23,-0.0014189641273214205,31.858605283018296,0.44650982098386083
2024-09-24,-0.004697624043733184,31.708945532840982,0.4413081538633545
2024-09-25,-0.0046776927480082,31.560620828275024,0.43630646748482776
2024-09-26,-0.00750229549428369,31.32384372483826,0.4286460409786288
2024-09-27,-0.004065163889872908,31.196507166436025,0.42467516770243363
2024-09-30,-0.004300011189694667,31.06236183654096,0.4206090959239459
2024-10-01,-0.0017707207793728216,31.007359066980598,0.41897441047487777
2024-10-02,0.0001968753088951878,31.013463650374934,0.41915500189490285
2024-10-03,0.0021728259313141774,31.080850508414336,0.42116648865214923
2024-10-04,-0.0015967223988482238,31.031223018232296,0.41968448777976264
2024-10-07,0.0005015894795596448,31.046787953236112,0.42014794876231676
2024-10-08,-1.4278876429395173e-05,31.0463446399874,0.4201347293152841
2024-10-09,-0.0011904446659840903,31.009385684612425,0.4190377132137547
2024-10-10,-0.0002668547178501005,31.00111068374485,0.4187932339932001
2024-10-11,0.001313126952583703,31.041819077743707,0.42000105505390806
2024-10-14,0.0013624728986828477,31.084112714962945,0.4212675668903219
2024-10-15,-0.00023148475430823898,31.076917216768233,0.42105139803303876
2024-10-16,-0.0006386991368887598,31.05706841656472,0.4204569754634645
2024-10-17,0.004826331691571072,31.20696013011088,0.4250215737305037
2024-10-18,0.005051915961372785,31.364615070098115,0.4299880345567597
2024-10-21,0.005354439743234147,31.53255501156069,0.43546854985811145
2024-10-22,0.004892425471872944,31.686825686892483,0.4406764142783298
2024-10-23,0.004060432736492633,31.815487911227077,0.44514709529840235
2024-10-24,3.568792400875154e-05,31.816623339941952,0.445186975531901
2024-10-25,-0.0017947750139208694,31.759519659344093,0.4431949018941274
2024-10-28,-0.0025898915114115116,31.67726594897185,0.4403671397275792
2024-10-29,0.001188531945469958,31.71491539149735,0.4416585332540846
2024-10-30,-0.001435665616745958,31.669383377931773,0.44010046083621973
2024-10-31,0.0007730487215045424,31.69386535426292,0.4409375126484909
2024-11-01,0.009119582486624141,31.982900173681077,0.4511963207428217
2024-11-04,0.003430854739343482,32.092628858319905,0.4552358645630923
2024-11-05,-0.0008620037482523879,32.06496489195276,0.4542122531679028
2024-11-06,0.002072283571562519,32.131412591921084,0.45668541007519253
2024-11-07,-0.0023681655066680827,32.05532008894038,0.4538647891456431
2024-11-08,-0.00529065136371543,31.88572656599749,0.44773941878621126
2024-11-11,-0.004164224346896425,31.752947247112882,0.4430816568079845
2024-11-12,-0.003684708571029395,31.635946890236,0.43907845453599936
2024-11-13,-0.0009983453028396285,31.60436329125725,0.43801246301378116
2024-11-14,0.0033170069738935972,31.70919518469982,0.4415866594797504
2024-11-15,0.00492866443217382,31.865479167179505,0.44706588717415585
2024-11-18,0.004631420307449623,32.01306159450099,0.45240106442956884
2024-11-19,0.004912693277171424,32.17033194697797,0.45826263789971583
2024-11-20,0.003146350606803991,32.271551090420424,0.462126478699738
2024-11-21,0.0022091157299528636,32.34284268156425,0.4648912552132629
2024-11-22,0.003712463074370201,32.46291429073972,0.469638359424439
2024-11-25,0.0003771884643473834,32.47515892752928,0.4701271702244827
2024-11-26,-0.0011467226592561562,32.437918926924134,0.46864579655506955
2024-11-27,-0.00306348858257401,32.33854573264904,0.4647484871103591
2024-11-29,-0.0029961757696848248,32.24165376549803,0.4610173383825765
2024-12-02,-0.0013759508290000025,32.19729083527106,0.45932961968530595
2024-12-03,0.0006191806900922003,32.21722677602954,0.46008741147312676
2024-12-04,0.0004765134605320721,32.23257871824933,0.46067287475061275
2024-12-05,-0.0013490017701467268,32.189096912502016,0.45902134994917365
2024-12-06,6.65621116940038e-05,32.19123948676604,0.4591024929542559
2024-12-09,-0.001946033387677477,32.12859425993407,0.4567472443807473
2024-12-10,-0.0012905842335920448,32.08712960273472,0.455203159121211
2024-12-11,0.0010424367260765974,32.12057840506699,0.45644986336197474
2024-12-12,0.0014302651308339728,32.16651934834198,0.4581759270806402
2024-12-13,-0.004185895742552688,32.03187365194901,0.4531804299465282
2024-12-16,-0.006170653738538506,31.83421605104622,0.44609022092152006
2024-12-17,-0.0028841987677818218,31.742399844338493,0.4428831796288316
2024-12-18,-0.002191878040919763,31.672824375153592,0.44049139130348525
2024-12-19,-0.0005614081615695387,31.65504299304942,0.43988497301326246
2024-12-20,0.0003140595742533804,31.66498456237479,0.4402239233039882
2024-12-23,0.0012754083757376545,31.705370348903244,0.44160879617321
2024-12-24,-0.0034810449336239134,31.595002530081526,0.43786178690867295
2024-12-26,-0.0026191225146325226,31.51225134760512,0.4351064044811528
2024-12-27,-0.0022151024042320194,31.442448483882274,0.4328183787600839
2024-12-30,-0.001609248571105744,31.39184976858752,0.431180215799022
2024-12-31,-0.0007599617559901254,31.367993163313606,0.43041358723340184
2025-01-02,0.00264359281563775,31.450917364681114,0.4330998973059076
2025-01-03,0.00017351270340173696,31.456374498377524,0.43327811898595914
2025-01-06,-0.0032731162960649273,31.353414126391762,0.4299560634845896
2025-01-07,0.000696214598052455,31.37524283100534,0.43065576345247125
2025-01-08,-0.0027968358892014903,31.287491425823173,0.4278675755560185
2025-01-10,-0.0014526662949279666,31.24204114157603,0.4264429882285871
2025-01-13,0.002903452483500688,31.332750923518173,0.4293061475487864
2025-01-14,0.007129108188585344,31.55612549469793,0.4366150867113595
2025-01-15,0.0029602118732067946,31.64953831205974,0.43976873439274367
2025-01-16,0.004991516157214919,31.80751749391278,0.44524970451600154
2025-01-17,0.005577693606692238,31.98493008088333,0.4516218307309961
2025-01-21,0.0073281368675087765,32.219320026213744,0.46040464134297165
2025-01-22,0.007799939798804526,32.47062878277663,0.47028028424843515
2025-01-23,0.010473148461181584,32.81069849864656,0.4844381577963933
2025-01-24,0.011638236474992535,33.19255716668349,0.5014200512625077
2025-01-27,0.0033698057784635844,33.30440963762577,0.5065667246783204
2025-01-28,0.00499503401387972,33.47076629657789,0.5144103950188794
2025-01-29,-0.0018437033293311777,33.40905613332163,0.5114972594114588
2025-01-30,-0.0005952797822610759,33.38916839766104,0.5105632243585663
2025-01-31,-0.004712713382805069,33.231814816912646,0.5033080486811672
2025-02-03,-0.0032807054838642343,33.12279101980404,0.4983810780644686
2025-02-04,-0.0038325841232392907,32.995845136824165,0.4927580573010448
2025-02-05,-0.007272017641293825,32.75589876889978,0.48248704489991534
2025-02-06,-0.00558166535255963,32.57306630364946,0.47493059276853744
2025-02-07,-0.00024319662476650803,32.56514464386612,0.47460722513740494
2025-02-10,-0.0021590668476598796,32.4948343196763,0.47176201759782965
2025-02-11,0.00012525895932157747,32.498904588806504,0.471926047382836
2025-02-12,-0.0014002462064503318,32.45339812094224,0.4701014162431335
2025-02-13,-0.00822876734950006,32.186346658104306,0.45975423851297725
2025-02-14,-0.0071434002963460886,31.956426699848507,0.4512456211840433
2025-02-18,-0.012627325028487044,31.552902513160497,0.43725823669041153
2025-02-19,-0.010872415257895484,31.20984625444552,0.42622293084929097
2025-02-20,-0.009536615377741208,30.912209954718435,0.4172730110295934
2025-02-21,-0.003926527235980739,30.790832320406878,0.41377996051494803
2025-02-24,-0.006929309974892594,30.57747309887384,0.40787354036199996
2025-02-25,-0.004366061475360826,30.443969971562964,0.40431925801788016
2025-02-26,-0.004386717873187794,30.310420864357916,0.4008729120991394
2025-02-27,-0.007023443232004771,30.097537344078926,0.39560263276980656
2025-02-28,-0.009334668519504801,29.816586809718533,0.38904990509484627
2025-03-03,-0.012458747207114996,29.44510949207725,0.3810533929372386
2025-03-04,-0.007838226244862374,29.214312062073603,0.3764476942805618
2025-03-05,-0.0062534111551116696,29.031622957135717,0.3729908891807935
2025-03-06,-0.00474650386357066,28.893824246603945,0.37049037573747007
2025-03-07,-0.0018762780644237683,28.839611397972725,0.3695315278301349
2025-03-10,0.003327899447186589,28.935586724801116,0.3712369747790907
2025-03-11,-0.0008877742152536848,28.909898457003603,0.37077596874299257
2025-03-12,-0.002994096640929016,28.82333942714389,0.3692448159746719
2025-03-13,-0.0009290626786018816,28.796560738209454,0.3687783191678551
2025-03-14,-0.0008641003284295911,28.771677620617925,0.36834780120869226
2025-03-17,0.004660129748135023,28.905757371401517,0.3706991381743684
2025-03-18,0.009654404700254674,29.184825251232397,0.37586406153873925
2025-03-19,0.00575271575938235,29.352717255389983,0.3791590503040921
2025-03-20,0.006753833187905109,29.55096061134463,0.3832374682789478
2025-03-21,5.435843210604401e-06,29.55112124573324,0.38324085751606213
2025-03-24,-0.0023962567970643818,29.480309170587276,0.38176008692715213
2025-03-25,-0.0014481950113428815,29.437615933913587,0.3808800770514473
2025-03-26,0.0003722772623565324,29.448574888983764,0.3811050498213616
2025-03-27,-0.006103849078737143,29.268825232277518,0.37749276257827247
2025-03-28,-0.007140549152083209,29.05982974708271,0.3734964761409364
2025-03-31,-0.00596112359728714,28.886600510244225,0.370344733021922
2025-04-01,-0.006227668743301328,28.706704331146348,0.36721967076099654
2025-04-02,-0.0003463736356821157,28.696761085598716,0.36705142502946897
2025-04-03,0.0020672699634954094,28.756085037840577,0.36806135590114686
2025-04-04,0.005339531808748151,28.909629068595194,0.3707486904742066
2025-04-07,-0.00047374334090762667,28.895933324335836,0.3705042979150537
2025-04-08,0.006188563281832422,29.074757636301097,0.37376237020419206
2025-04-09,-0.0037367078262294166,28.96611376189581,0.37176219225156387
2025-04-10,0.0012035783019477822,29.000976747911377,0.37239745357039167
2025-04-11,0.0019318312950912736,29.057001742381207,0.37343045762874055
2025-04-14,0.0022871334947402806,29.123458984322934,0.37467553812671206
2025-04-15,0.006973671082329336,29.32655640805931,0.37861494384544386
2025-04-16,0.00807346597145123,29.563323363279622,0.38347570242253515
2025-04-17,0.008830067322447288,29.82436949885266,0.3891857621290682
2025-04-21,0.01081874897579494,30.147031865822104,0.39677984738573013
2025-04-22,0.008593843473962972,30.40611073888155,0.40332489059011495
2025-04-23,-0.0010606348781647768,30.373860957322552,0.40248955198641223
2025-04-24,0.001334757279242874,30.414402689334047,0.40354129781246806
2025-04-25,0.0008294767666046499,30.439630729735008,0.40420079319027186
2025-04-28,0.000536802539340306,30.455970800807314,0.4046300088863268
2025-04-29,-0.0003165864617021459,30.44632885277378,0.4043765925095283
2025-04-30,0.0019362975280924218,30.505282004070892,0.40593594390171595
2025-05-01,-0.0003679276818496202,30.494058266378968,0.4056375834239313
2025-05-02,-0.0010686764830132253,30.461469983438054,0.4047758744004105
2025-05-05,-0.0007746058585405169,30.43787435032913,0.40415599759839993
2025-05-06,0.00033806975088015686,30.448164474928063,0.4044259814201889
2025-05-07,-0.007060173383367522,30.23319515452978,0.39892939300815256
2025-05-08,-0.0011907675971615777,30.197194445381108,0.3980347830702361
2025-05-09,-0.004034272415411356,30.075370736807294,0.39506575924147636
2025-05-12,-0.0009295658917262206,30.047413697989338,0.39439629527715103
2025-05-13,0.002738902776462753,30.12971064279229,0.39638114690790144
2025-05-14,0.0015510249422027447,30.176442575500616,0.39752579652974446
2025-05-15,0.0037642617016613736,30.290034602579954,0.40036359636737473
2025-05-16,-0.0009996055459786744,30.25975651600333,0.3996003035569683
2025-05-19,0.0020193280822675876,30.320860892098672,0.40114735550399444
2025-05-20,0.0021696033759271587,30.386645134251186,0.40283833060575613
2025-05-21,-0.0006723732663724426,30.366213966408168,0.4023106614807659
2025-05-22,0.0007216861171420114,30.38812884145789,0.40287693327333385
2025-05-23,0.0038427311859957265,30.504902251841013,0.40594653555547344
2025-05-27,0.001855045978521147,30.56149024808847,0.4074638772037854
2025-05-28,0.0036937168456280165,30.674375739445328,0.41055278127993666
2025-05-29,0.002491666521483224,30.750806054542696,0.41268962554532285
2025-05-30,0.0011644817859222279,30.78661480809564,0.4137032693034788
2025-06-02,-0.00028543730807524054,30.777827159640065,0.4134538741338224
2025-06-03,0.005080211971518619,30.934185045633797,0.4179751139716643
2025-06-04,0.0011297440863442744,30.96913275825498,0.4190061765413484
2025-06-05,-0.0006704346260478353,30.94836997931517,0.41839307738966913
2025-06-06,-0.0006651974223485344,30.927783203379043,0.4177879719858792
2025-06-09,0.0017963862616634128,30.9833414482293,0.41942898655101235
2025-06-10,0.0019663790379204084,31.044266441377832,0.4212521928537769
2025-06-11,0.004525833248161744,31.18476761460301,0.4255564399444689
2025-06-12,0.004569430247679706,31.32726423500804,0.430059560409629
2025-06-13,0.0035284503963240077,31.437800932913802,0.43364757721566116
2025-06-16,0.002615343211270162,31.52002157216096,0.43637041888262307
2025-06-17,0.0033329107388387212,31.625074990547244,0.439919976953008
2025-06-18,0.0052590638763376435,31.7913932800165,0.4457068341293634
2025-06-20,0.004363694863216907,31.930121219567017,0.4506837249489811
2025-06-23,0.0027103107542115474,32.01666177049169,0.45385574457652106
2025-06-24,-0.0008145609492434797,31.99058224808831,0.4528964396020657
2025-06-25,6.493602762125153e-05,31.99265958942079,0.4529727189613611
2025-06-26,0.0004214529013217508,32.006142988625754,0.4534687066613484
2025-06-27,0.0013925568683019528,32.05071336287242,0.45511873125733193
2025-06-30,0.0009759585891467769,32.0819935318672,0.45628503276116905
2025-07-01,0.001365648378066691,32.125806254299135,0.457931070430356
2025-07-02,0.0016006198260970772,32.17722745671912,0.4598812015692587
2025-07-03,0.0015999154256945611,32.228708299283205,0.4618530298024921
2025-07-07,-0.0023579775177515645,32.15271372968732,0.4589576400570001
2025-07-08,0.000411149754754188,32.16593331005196,0.4594593289380918
2025-07-09,-0.0010410130891593751,32.13244815245117,0.45819238296798914
2025-07-10,0.0011602492012423285,32.16972979975401,0.4596057889087636
2025-07-11,-0.001402537559581172,32.124610545428276,0.4578997479786884
2025-07-14,-0.0018373945480751734,32.065584961153064,0.45569085908874607
2025-07-15,-0.002162512757163525,31.99624272460866,0.4531286010566238
2025-07-16,-0.0028525683377970653,31.90497125568397,0.44981022140339444
2025-07-17,-6.911694845648544e-05,31.902766081430187,0.44973063432265875
2025-07-18,0.0006283279414708903,31.92281148076936,0.4504557186987023
2025-07-21,0.0021657117604346257,31.991947089019398,0.4529813974252487
2025-07-22,0.0006375320664361343,32.01234298115638,0.4537323420648801
2025-07-23,-0.00077775663308869,31.987445169062077,0.4528169488146676
2025-07-24,-0.0027105243510497485,31.900742420003464,0.4496681956277949
2025-07-25,0.001656732916842966,31.95359343004241,0.4515868686496177
2025-07-28,0.002077243716043565,32.01996883119998,0.4540259019627189
2025-07-29,0.0028717790714526278,32.111923107557985,0.4574598475533408
2025-07-30,0.0002754145827498383,32.12076719946195,0.4577927624513084
2025-07-31,-0.0012229911168123088,32.08148378651181,0.45631997901863836
2025-08-01,0.0012022945268396364,32.12005517888123,0.45776851975163235
2025-08-04,-0.0010050764168200816,32.08777206891398,0.45655732430542034
2025-08-05,-0.000785795959349179,32.06255762727771,0.4556164359333318
2025-08-06,0.0011510759553457035,32.099464066429356,0.4569971062388034
2025-08-07,-0.0005946988749988709,32.08037455126098,0.4562826239700968
2025-08-08,-0.002320435656658421,32.00593410627328,0.4535250509292783
2025-08-11,-0.0018949498327283036,31.945284466792284,0.4513071300066107
2025-08-12,-0.002270032184939476,31.872767642895617,0.4486904857602638
2025-08-13,-0.0016995179118001673,31.818599303387874,0.4467596514941764
2025-08-14,-0.0033284245776953702,31.71269349543864,0.44304864395601384
2025-08-15,-0.00032902005076090385,31.702259383415008,0.44268662868408803
2025-08-18,0.00021248196833366473,31.70899554188942,0.4429203315528376
2025-08-19,0.0010553744244930776,31.74246040481069,0.4440867361712574
2025-08-20,0.000767582573813909,31.766825364267397,0.4449408327481848
2025-08-21,0.002726483294421867,31.853437082939887,0.4480151500291395
2025-08-22,-0.00012609214233759666,31.849420614817284,0.44787165538455376
2025-08-25,-0.0018491602655503244,31.790525931735562,0.44578311312842134
2025-08-26,-0.0008763424701585244,31.762666543712907,0.4448031282156759
2025-08-27,0.00014233084949014397,31.767187351024145,0.44496187986581587
2025-08-28,-0.001242449060547078,31.72771823894364,0.44358199002513293
2025-08-29,0.0010572647273241979,31.761262836316156,0.4447557374212235
2025-09-02,0.0004047126578456172,31.774117021415176,0.4452074554016964
2025-09-03,-0.00018865724029884016,31.768122604184985,0.4449967336873496
2025-09-04,-0.0008433457047444649,31.74133109443895,0.44405844040785586
2025-09-05,0.0009056901335989329,31.77007890483848,0.44506655549029384
2025-09-08,0.0026781351421463545,31.85516346962229,0.4480883217588719
2025-09-09,0.0036494803301938723,31.971418262119787,0.4523043676106475
2025-09-10,0.0037582857525487916,32.091575987863095,0.4567659199886811
2025-09-11,0.0034239978105854284,32.201457473783776,0.4609377896128557
2025-09-12,0.0013654454397631366,32.24542680704508,0.46262951449410405
2025-09-15,-0.0005710671042659535,32.22701250453256,0.46192033499383145
2025-09-16,-0.0007762356492002689,32.20199674855932,0.4609610372166376
2025-09-17,-0.0007707651794849157,32.17717657075564,0.46001374859095623
2025-09-18,-0.0017508115229889387,32.12084039923831,0.45788181070222855
2025-09-19,-0.0021484658719327686,32.05182986986275,0.45530230254090487
2025-09-22,-0.0005113040548969148,32.03544163928342,0.4546940767882498
2025-09-23,7.720606127567105e-05,32.03791496955362,0.4547857844973945
2025-09-24,0.00014121941306749418,32.04243934510152,0.4549536645511554
2025-09-25,-0.00030531894454761987,32.032656181339945,0.45459095450862563
2025-09-26,-0.0011835210056649651,31.994744859882086,0.4531927964695565
2025-09-29,-0.001541049968747841,31.94543935931567,0.4513903567026896
2025-09-30,-0.003198572484220634,31.843259555984627,0.4477145512362884
2025-10-01,-0.001032787051184693,31.810372249847692,0.44654559761785523
2025-10-02,-0.001329005233675234,31.768096098642488,0.4450545196931269
2025-10-03,-0.001770092372662132,31.711863634044285,0.4430913875583563
2025-10-06,-0.0004072176645896339,31.698950002995446,0.44264333773749154
2025-10-07,-0.000822749890528339,31.672869695350617,0.4417422831427472
2025-10-08,0.0007801693035192575,31.697579896041294,0.4425967162181134
2025-10-09,0.0003013465484274176,31.707131852336467,0.44292806931447765
2025-10-10,0.001265187389842596,31.74724731572412,0.4443275655843354
2025-10-13,0.0002245367262616524,31.754375738704212,0.4445772909137596
2025-10-14,0.00039770602345668446,31.767004645206605,0.44502064749811954
2025-10-15,-0.00014467446117423044,31.762408770926438,0.44485922606202094
2025-10-16,-0.0008271645387266478,31.736136032726588,0.44393972187605973
2025-10-17,0.001630578096411135,31.787884281006278,0.44575833141113275
2025-10-20,0.0021124202355731,31.85503365100753,0.4481475383394008
2025-10-21,0.003758097109755716,31.974747960902555,0.4524925514363156
2025-10-22,0.005185829365352024,32.14056354782793,0.45869008533280314
2025-10-23,0.005713727907018182,32.324205982718446,0.46579449533876693
2025-10-24,0.0011460083066105247,32.361249791279235,0.46725289399833403
2025-10-27,-0.0009429314649517635,32.33073535060588,0.46605279862036747
2025-10-28,-0.00130847014546025,32.28843154861883,0.4644008175618617
2025-10-29,0.002070992950218634,32.35530066272964,0.4670251055701926
2025-10-30,-5.203895247517775e-05,32.353616926776134,0.466958732081596
2025-10-31,-0.0010150083619051328,32.32077773505758,0.46566935381030455
2025-11-03,0.00012784169952687863,32.32490967821327,0.4658312984891474
2025-11-04,0.0006257398628436455,32.345136662761746,0.4666261886328681
2025-11-05,0.00028885964339576617,32.35447986740374,0.46699428364077145
2025-11-06,0.00031243812453501604,32.364588640413814,0.4673932725008879
2025-11-07,0.00013394042707634432,32.36892356723846,0.46756457678278585
2025-11-10,-0.000643212431002535,32.34810347322184,0.46674359737697624
2025-11-11,-0.0012524372665391069,32.307589502930114,0.46515594138831484
2025-11-12,-0.00010409356775770731,32.3042264906731,0.4650245746955333
2025-11-13,0.0003901015321089442,32.316828418920714,0.4655174527075593
2025-11-14,0.0006685840212985845,32.338434934020654,0.46636542062103414
2025-11-17,0.00161382956099035,32.39062365627334,0.46842939039121595
2025-11-18,0.0011544374860527162,32.42801660641877,0.4699200827517541
2025-11-19,-0.0006442676781947347,32.407124283451296,0.4690871336768777
2025-11-20,0.0010929390057975632,32.44254329364641,0.4705031470311994
2025-11-21,0.0013616081177020847,32.48671732395394,0.47228261996387844
2025-11-24,-0.0003019548538542593,32.47690780197218,0.47188675233098776
2025-11-25,0.001696106275571087,32.531992089106254,0.47412267780855344
2025-11-26,0.000988591395902985,32.56415293657712,0.47543779579023226
2025-11-28,2.5951309716364076e-05,32.56499801899563,0.47547242834652703
2025-12-01,1.0761294400749895e-05,32.56534846052647,0.47548679125808024
2025-12-02,0.00048470192338191713,32.581132947560896,0.4761349299899643
2025-12-03,0.001743497087769301,32.63793805797119,0.4784853602812343
2025-12-04,0.0014114190154735,32.68400386437206,0.4804086099558261
2025-12-05,0.0010707673433857597,32.719000828361125,0.48187991274242103
2025-12-08,0.0019083404209576846,32.78143982017524,0.4845296861642844
2025-12-09,0.0010871868150941232,32.81707936932753,0.4860541486642288
2025-12-10,-0.0006109745161167699,32.797028970139486,0.48519666195833266
2025-12-11,-0.0007213118026921873,32.77337208605009,0.4841888949719406
2025-12-12,0.0007804460071328878,32.798949933434926,0.4852801714638154
2025-12-15,0.0020349051681832035,32.86569268616545,0.4881541711020079
2025-12-16,0.002510694607187814,32.9482084035541,0.4917554007304026
2025-12-17,0.0014174927329784416,32.99491224953079,0.4938143478159909
2025-12-18,0.0007623049039214913,33.02006443294307,0.4949292886718738
2025-12-19,-0.0006221554866664805,32.99952081868604,0.4940194968401659
2025-12-22,-0.0016354437697869107,32.945551957957164,0.49164677919249467
2025-12-23,-0.001000587272279186,32.912587057989825,0.4902073000027525
2025-12-24,0.00025123744387759047,32.92085593223368,0.4905680420375962
2025-12-26,-0.0012022768305637675,32.88127594990403,0.48884829616665454
2025-12-29,-0.0007637904859204866,32.856161544168565,0.48776269013424267
2025-12-30,0.00014377523893335141,32.86088544664501,0.48796670033759715
2025-12-31,-0.0023659488620036855,32.78313827211808,0.48463795076679056
2026-01-02,-0.0016196595775828887,32.73004074823242,0.48238880802585077
2026-01-05,-0.00030437781971110524,32.720078449790414,0.48196865469050426
2026-01-06,0.00017324445746330698,32.72574702202961,0.4822077344005343
2026-01-07,0.00023581072968235293,32.73346410431427,0.48253361672051875
2026-01-08,0.00016352956050723,32.73881699331313,0.48275990885794423
2026-01-09,0.0005703909161458011,32.75749091713148,0.483551310515395
2026-01-12,-0.00036252232941879926,32.74561559521828,0.4830481545991965
2026-01-13,-0.0008567711530836682,32.71756009638633,0.4818641469605559
2026-01-14,-0.0006075271973075292,32.69768328879823,0.4810286577709795
2026-01-15,-0.0011426534284203092,32.66032116888688,0.4794668952105088
2026-01-16,0.00079264307177295,32.68620914618327,0.48054977866128795
2026-01-20,-0.0018867577137267665,32.62453818894422,0.4779843520953994
2026-01-21,-0.002674418976408837,32.53728650491513,0.4744052494456108
2026-01-22,-0.005598636191331827,32.35512207512098,0.4671305221756599
2026-01-23,-0.0013959820683131726,32.30995490488603,0.4653580805681329
2026-01-26,-0.0002734280029059853,32.301120458442405,0.46501284519423663
2026-01-27,0.0030523636023568205,32.399715222845096,0.4689086630892232
2026-01-28,-0.0022164979621764704,32.32790132007856,0.4660757232823155
2026-01-29,-0.0028282755891923593,32.23646910592516,0.46252511051198886
2026-01-30,-0.0019868443871147077,32.172420258221656,0.46007252469500537
2026-02-02,-0.001384668790412255,32.12787211197807,0.45838349121256405
2026-02-03,-0.0022146299560911295,32.05672076397342,0.4557172773495002
2026-02-04,-0.0023030422275509854,31.982892782377185,0.45298954214982234
2026-02-05,-0.0009426274013261233,31.95274483126684,0.45188588812664987
2026-02-06,-0.0014509283382282637,31.90638368830698,0.4502020438187184
2026-02-09,-0.0016261304048242103,31.854499747683438,0.44833608847480677
2026-02-10,-0.0004408840408042246,31.840455607116883,0.4478339205003683
2026-02-11,-0.00013460761444570826,31.836169639344746,0.44768092020001793
2026-02-12,0.0009168477854567575,31.86535856097601,0.44872623080843516
2026-02-13,0.0013571957429691659,31.908606089963154,0.45028673687390286
2026-02-17,0.0012619478005728689,31.94887308523773,0.45175174835000054
2026-02-18,0.00042674472957329425,31.962507098442664,0.4522501616085618
2026-02-19,-0.0002833761615487536,31.953449685867636,0.451919064731936
2026-02-20,0.0022471480623118094,32.02525381841341,0.45456482860586894
2026-02-23,-8.978450238712529e-05,32.022378446935505,0.4544583324547429
2026-02-24,-0.0017486775827438566,31.96638163159921,0.4523986667261034
2026-02-25,-0.0020343106204790224,31.901352081947763,0.45003549543084076
2026-02-26,-0.0007043659387821767,31.87888185614014,0.44922524326606034
2026-02-27,-0.0010562260022155252,31.845210552202126,0.448018146189147
2026-03-02,0.00021212957137148601,31.8519658630668,0.44825987159574654
2026-03-03,0.00048225415633657665,31.86732660599175,0.4488108421601189
2026-03-04,0.0013499659491554925,31.910346411800457,0.4503638381211896
2026-03-05,0.002076070575392521,31.97659454303658,0.4527827291178419
2026-03-06,0.0017989612779337868,32.034119198419695,0.45490857574891486
